#
# There is insufficient memory for the Java Runtime Environment to continue.
# Native memory allocation (mmap) failed to map 359661568 bytes for G1 virtual space
# Possible reasons:
#   The system is out of physical RAM or swap space
#   The process is running with CompressedOops enabled, and the Java Heap may be blocking the growth of the native heap
# Possible solutions:
#   Reduce memory load on the system
#   Increase physical memory or swap space
#   Check if swap backing store is full
#   Decrease Java heap size (-Xmx/-Xms)
#   Decrease number of Java threads
#   Decrease Java thread stack sizes (-Xss)
#   Set larger code cache with -XX:ReservedCodeCacheSize=
#   JVM is running with Unscaled Compressed Oops mode in which the Java heap is
#     placed in the first 4GB address space. The Java Heap base address is the
#     maximum limit for the native heap growth. Please use -XX:HeapBaseMinAddress
#     to set the Java Heap base and to place the Java Heap above 4GB virtual address.
# This output file may be truncated or incomplete.
#
#  Out of Memory Error (os_windows.cpp:3604), pid=1756, tid=5412
#
# JRE version: Java(TM) SE Runtime Environment (21.0.10+8) (build 21.0.10+8-LTS-217)
# Java VM: Java HotSpot(TM) 64-Bit Server VM (21.0.10+8-LTS-217, mixed mode, sharing, tiered, compressed oops, compressed class ptrs, g1 gc, windows-amd64)
# No core dump will be written. Minidumps are not enabled by default on client versions of Windows
#

---------------  S U M M A R Y ------------

Command Line: --add-opens=java.base/java.lang=ALL-UNNAMED --add-opens=java.base/java.lang.invoke=ALL-UNNAMED --add-opens=java.base/java.util=ALL-UNNAMED --add-opens=java.prefs/java.util.prefs=ALL-UNNAMED --add-exports=jdk.compiler/com.sun.tools.javac.api=ALL-UNNAMED --add-exports=jdk.compiler/com.sun.tools.javac.util=ALL-UNNAMED --add-opens=java.base/java.util=ALL-UNNAMED --add-opens=java.prefs/java.util.prefs=ALL-UNNAMED --add-opens=java.base/java.nio.charset=ALL-UNNAMED --add-opens=java.base/java.net=ALL-UNNAMED --add-opens=java.base/java.util.concurrent.atomic=ALL-UNNAMED --add-opens=java.xml/javax.xml.namespace=ALL-UNNAMED -XX:MaxMetaspaceSize=512m -Xmx2048m -Dfile.encoding=UTF-8 -Duser.country=IN -Duser.language=en -Duser.variant -javaagent:C:\Users\Admin\.gradle\wrapper\dists\gradle-8.14.3-bin\cv11ve7ro1n3o1j4so8xd9n66\gradle-8.14.3\lib\agents\gradle-instrumentation-agent-8.14.3.jar org.gradle.launcher.daemon.bootstrap.GradleDaemon 8.14.3

Host: 12th Gen Intel(R) Core(TM) i7-12700K, 20 cores, 31G,  Windows 11 , 64 bit Build 22621 (10.0.22621.5262)
Time: Wed Mar 18 17:44:33 2026 India Standard Time elapsed time: 93.253113 seconds (0d 0h 1m 33s)

---------------  T H R E A D  ---------------

Current thread (0x000002bca185cda0):  VMThread "VM Thread"          [id=5412, stack(0x000000c90b500000,0x000000c90b600000) (1024K)]

Stack: [0x000000c90b500000,0x000000c90b600000]
Native frames: (J=compiled Java code, j=interpreted, Vv=VM code, C=native code)
V  [jvm.dll+0x6d0b59]
V  [jvm.dll+0x85fd56]
V  [jvm.dll+0x86224e]
V  [jvm.dll+0x862923]
V  [jvm.dll+0x282a16]
V  [jvm.dll+0x6cd405]
V  [jvm.dll+0x6c1f8a]
V  [jvm.dll+0x35bcc8]
V  [jvm.dll+0x363986]
V  [jvm.dll+0x3b4a3e]
V  [jvm.dll+0x3b4ce8]
V  [jvm.dll+0x32f98c]
V  [jvm.dll+0x3321b6]
V  [jvm.dll+0x33c5ca]
V  [jvm.dll+0x371d0f]
V  [jvm.dll+0x86861f]
V  [jvm.dll+0x8699ac]
V  [jvm.dll+0x869ee1]
V  [jvm.dll+0x86a183]
V  [jvm.dll+0x80a83d]
V  [jvm.dll+0x6cf3fd]
C  [ucrtbase.dll+0x29333]
C  [KERNEL32.DLL+0x1259d]
C  [ntdll.dll+0x5af58]

VM_Operation (0x000000c90b0ff690): G1PauseRemark, mode: safepoint, requested by thread 0x000002bc83cf6130


---------------  P R O C E S S  ---------------

Threads class SMR info:
_java_thread_list=0x000002bcc716f380, length=409, elements={
0x000002bc83c8c520, 0x000002bca1877760, 0x000002bca18781c0, 0x000002bca187b630,
0x000002bca187c520, 0x000002bca187cf80, 0x000002bca1884830, 0x000002bca188e310,
0x000002bca18af020, 0x000002bca19f28c0, 0x000002bca1a88d60, 0x000002bca1a893f0,
0x000002bcc1f93010, 0x000002bcc1c8b730, 0x000002bcc29c5a00, 0x000002bcc29c1ef0,
0x000002bcc29c87f0, 0x000002bcc29c6db0, 0x000002bcc29c2c10, 0x000002bcc29c2580,
0x000002bcc29c7ad0, 0x000002bcc29c8160, 0x000002bcc29c8e80, 0x000002bcc29c32a0,
0x000002bcc29c3930, 0x000002bcc29c6720, 0x000002bcc29c6090, 0x000002bcc29c3fc0,
0x000002bcc29c4650, 0x000002bcc29c5370, 0x000002bcc29c4ce0, 0x000002bcc4315200,
0x000002bcc4313e50, 0x000002bcc43116f0, 0x000002bcc4317ff0, 0x000002bcc4315890,
0x000002bcc4313130, 0x000002bcc43144e0, 0x000002bcc4311d80, 0x000002bcc43165b0,
0x000002bcc4317960, 0x000002bcc4316c40, 0x000002bcc43172d0, 0x000002bcc4311060,
0x000002bcc4318680, 0x000002bca1a886d0, 0x000002bcc34aab10, 0x000002bcc34a9760,
0x000002bcc34b0060, 0x000002bcc34ac550, 0x000002bcc34adf90, 0x000002bcc34ab830,
0x000002bcc34a90d0, 0x000002bcc34acbe0, 0x000002bcc34aa480, 0x000002bcc34ae620,
0x000002bcc34ad270, 0x000002bcc34aecb0, 0x000002bcc34ad900, 0x000002bcc34af340,
0x000002bcc34ab1a0, 0x000002bcc34b06f0, 0x000002bcc34af9d0, 0x000002bcc34abec0,
0x000002bcc66caf00, 0x000002bcc66cbc20, 0x000002bcc66c6040, 0x000002bcc66c8e30,
0x000002bcc66cb590, 0x000002bcc66c73f0, 0x000002bcc66c5320, 0x000002bcc66c66d0,
0x000002bcc66c94c0, 0x000002bcc66c9b50, 0x000002bcc66ca870, 0x000002bcc66c7a80,
0x000002bcc66cc2b0, 0x000002bcc66cc940, 0x000002bcc66ca1e0, 0x000002bcc66c6d60,
0x000002bcc66c59b0, 0x000002bcc66c8110, 0x000002bcc66c87a0, 0x000002bcc150a440,
0x000002bcc15041d0, 0x000002bcc1504860, 0x000002bcc150aad0, 0x000002bcc15062a0,
0x000002bcc1503b40, 0x000002bcc1508370, 0x000002bcc1504ef0, 0x000002bcc1508a00,
0x000002bcc1509db0, 0x000002bcc1506930, 0x000002bcc1505580, 0x000002bcc1506fc0,
0x000002bcc1507650, 0x000002bcc1509720, 0x000002bcc150b160, 0x000002bcc1505c10,
0x000002bcc1507ce0, 0x000002bcc1509090, 0x000002bcc58d14a0, 0x000002bcc58cf3d0,
0x000002bcc58d4290, 0x000002bcc58d0e10, 0x000002bcc58d4fb0, 0x000002bcc58d21c0,
0x000002bcc58ce020, 0x000002bcc58d3c00, 0x000002bcc58ced40, 0x000002bcc58d5640,
0x000002bcc58d2ee0, 0x000002bcc58ce6b0, 0x000002bcc58d0780, 0x000002bcc58d3570,
0x000002bcc58d1b30, 0x000002bcc3eaabb0, 0x000002bcc3ea8ae0, 0x000002bcc3ea8450,
0x000002bcc3ead310, 0x000002bcc3eacc80, 0x000002bcc3eab8d0, 0x000002bcc3ea9170,
0x000002bcc3ea9800, 0x000002bcc3ea9e90, 0x000002bcc3ead9a0, 0x000002bcc3eabf60,
0x000002bcc3eac5f0, 0x000002bcc3eaf3e0, 0x000002bcc3eae030, 0x000002bcc3eaa520,
0x000002bcc3eab240, 0x000002bcc3eae6c0, 0x000002bcc3eaed50, 0x000002bcc7bd0540,
0x000002bcc7bd0bd0, 0x000002bcc7bd1260, 0x000002bcc7bd6e40, 0x000002bcc7bd1f80,
0x000002bcc7bd18f0, 0x000002bcc7bd4d70, 0x000002bcc7bd2610, 0x000002bcc7bd2ca0,
0x000002bcc7bd5400, 0x000002bcc7bd3330, 0x000002bcc7bd39c0, 0x000002bcc7bd4050,
0x000002bcc7bd5a90, 0x000002bcc7bd46e0, 0x000002bcc7bd6120, 0x000002bcc7bd67b0,
0x000002bcc7bcfeb0, 0x000002bcc7bd74d0, 0x000002bcc8a43160, 0x000002bcc8a42ad0,
0x000002bcc8a47990, 0x000002bcc8a458c0, 0x000002bcc8a46c70, 0x000002bcc8a47300,
0x000002bcc8a45230, 0x000002bcc8a493d0, 0x000002bcc8a465e0, 0x000002bcc8a49a60,
0x000002bcc8a45f50, 0x000002bcc8a4a0f0, 0x000002bcc8a437f0, 0x000002bcc8a44ba0,
0x000002bcc3337a10, 0x000002bcc3336660, 0x000002bcc3334c20, 0x000002bcc3335fd0,
0x000002bcc3333870, 0x000002bcc33380a0, 0x000002bcc3336cf0, 0x000002bcc3337380,
0x000002bcc3331110, 0x000002bcc3338730, 0x000002bcc33317a0, 0x000002bcc33352b0,
0x000002bcc3331e30, 0x000002bcc3332b50, 0x000002bcc3335940, 0x000002bcc3338dc0,
0x000002bcc33331e0, 0x000002bcc3339450, 0x000002bcc3333f00, 0x000002bcc33324c0,
0x000002bcc3339ae0, 0x000002bcc333a170, 0x000002bcc333a800, 0x000002bcc333ae90,
0x000002bcc3334590, 0x000002bcc333dc80, 0x000002bcc333e310, 0x000002bcc333e9a0,
0x000002bcc333b520, 0x000002bcc333f6c0, 0x000002bcc333f030, 0x000002bcc333bbb0,
0x000002bcc333fd50, 0x000002bcc33403e0, 0x000002bcc333c240, 0x000002bcc333cf60,
0x000002bcc333d5f0, 0x000002bcc333c8d0, 0x000002bcc7da1700, 0x000002bcc7d9efa0,
0x000002bcc7d9d560, 0x000002bcc7da3e60, 0x000002bcc7d9e280, 0x000002bcc7da2ab0,
0x000002bcc7da44f0, 0x000002bcc7da1d90, 0x000002bcc7d9e910, 0x000002bcc7da4b80,
0x000002bcc7d9f630, 0x000002bcc7da2420, 0x000002bcc7da3140, 0x000002bcc7da37d0,
0x000002bcc7d9dbf0, 0x000002bcc7da5210, 0x000002bcc7d9fcc0, 0x000002bcc7da65c0,
0x000002bcc7da58a0, 0x000002bcc7da5f30, 0x000002bcc7da1070, 0x000002bcc7da0350,
0x000002bcc7da7970, 0x000002bcc7da6c50, 0x000002bcc7da09e0, 0x000002bcc7da72e0,
0x000002bcc7dac830, 0x000002bcc7da8000, 0x000002bcc7da8690, 0x000002bcc7daa0d0,
0x000002bcc7da93b0, 0x000002bcc7da8d20, 0x000002bcc7da9a40, 0x000002bcc7daa760,
0x000002bcc7daadf0, 0x000002bcc7dab480, 0x000002bcc7dabb10, 0x000002bcc7dac1a0,
0x000002bcc51dae90, 0x000002bcc51d80a0, 0x000002bcc51da800, 0x000002bcc51d9450,
0x000002bcc51dc8d0, 0x000002bcc51da170, 0x000002bcc51d5fd0, 0x000002bcc51d9ae0,
0x000002bcc51d5940, 0x000002bcc51d8dc0, 0x000002bcc51d6cf0, 0x000002bcc51d8730,
0x000002bcc51dcf60, 0x000002bcc51db520, 0x000002bcc51d6660, 0x000002bcc51dbbb0,
0x000002bcc51d7380, 0x000002bcc51dc240, 0x000002bcc51d7a10, 0x000002bcc51df030,
0x000002bcc51de310, 0x000002bcc51ddc80, 0x000002bcc51e0a70, 0x000002bcc51e3860,
0x000002bcc51dd5f0, 0x000002bcc51e1100, 0x000002bcc51de9a0, 0x000002bcc51df6c0,
0x000002bcc51dfd50, 0x000002bcc51e1e20, 0x000002bcc51e4c10, 0x000002bcc51e03e0,
0x000002bcc51e3ef0, 0x000002bcc51e31d0, 0x000002bcc90a1820, 0x000002bcc90a3f80,
0x000002bcc90a2540, 0x000002bcc90a2bd0, 0x000002bcc909cff0, 0x000002bcc90a3260,
0x000002bcc90a38f0, 0x000002bcc90a1190, 0x000002bcc909d680, 0x000002bcc909f0c0,
0x000002bcc909f750, 0x000002bcc62fa870, 0x000002bcc90a59c0, 0x000002bcc90abc30,
0x000002bcc90ac2c0, 0x000002bcc51e2b40, 0x000002bcce24c000, 0x000002bcce251be0,
0x000002bcce252900, 0x000002bcce252f90, 0x000002bcce24c690, 0x000002bcce253cb0,
0x000002bcce24f480, 0x000002bcce252270, 0x000002bcce24d3b0, 0x000002bcce24fb10,
0x000002bccfe8a730, 0x000002bcd3a63710, 0x000002bcce6ba390, 0x000002bcc8146500,
0x000002bccfe89a10, 0x000002bcce24cd20, 0x000002bccfae37b0, 0x000002bcce6baa20,
0x000002bcd0c2ef80, 0x000002bcd0c2e260, 0x000002bccfae3e40, 0x000002bcd3a64430,
0x000002bcc6029d80, 0x000002bcd0c2e8f0, 0x000002bcce250830, 0x000002bcd51d71d0,
0x000002bcd440c860, 0x000002bcceba46f0, 0x000002bccfae44d0, 0x000002bcceba6e50,
0x000002bcd4545e90, 0x000002bcd4549310, 0x000002bccffff1b0, 0x000002bccfffeb20,
0x000002bcd3644880, 0x000002bcd3643b60, 0x000002bcd0c2f610, 0x000002bcd34c43c0,
0x000002bcd3642e40, 0x000002bcd36441f0, 0x000002bcc602be50, 0x000002bcce0a2800,
0x000002bcd0f3f690, 0x000002bcd0f3d5c0, 0x000002bccfe8a0a0, 0x000002bccfe8bae0,
0x000002bcce0a3bb0, 0x000002bcce0a4240, 0x000002bcce0a55f0, 0x000002bcce0a48d0,
0x000002bcd440e930, 0x000002bcd440e2a0, 0x000002bcd0f3fd20, 0x000002bcd1f17050,
0x000002bccfe88660, 0x000002bcd1f17d70, 0x000002bcceba4d80, 0x000002bcceba74e0,
0x000002bcceba4060, 0x000002bcc88bd3c0, 0x000002bcc88bda50, 0x000002bcd25c6160,
0x000002bcd25c4720, 0x000002bcc5723680, 0x000002bcd328a0b0, 0x000002bcc88bee00,
0x000002bcc88c01b0, 0x000002bcd1f18a90, 0x000002bcd1f16330, 0x000002bcd3288670,
0x000002bcd3287fe0, 0x000002bcd51d64b0, 0x000002bcd51d5e20, 0x000002bcd51d7ef0,
0x000002bcd51d8580, 0x000002bcd51d8c10, 0x000002bcd51d7860, 0x000002bcd016f340,
0x000002bcd016e620, 0x000002bcd016ecb0, 0x000002bcc9bced50, 0x000002bcc9bcd310,
0x000002bcc9bcbf60, 0x000002bcc9bcf3e0, 0x000002bcc9bcc5f0, 0x000002bcc9bcd9a0,
0x000002bcc9bce6c0, 0x000002bcc9bccc80, 0x000002bcc9bce030, 0x000002bcd30b8fa0,
0x000002bcd697f490, 0x000002bcd3a55330, 0x000002bcce2549d0, 0x000002bcc990f7a0,
0x000002bcd440c1d0, 0x000002bcd440d580, 0x000002bcc36ca770, 0x000002bcc36cae00,
0x000002bcc5725de0, 0x000002bcd1f15ca0, 0x000002bcd697ee00, 0x000002bcd697fb20,
0x000002bcd69801b0, 0x000002bcd5abaee0, 0x000002bcc36cbb20, 0x000002bcc36c8d30,
0x000002bcce255060, 0x000002bcd62635e0, 0x000002bcc78c4680, 0x000002bcd5ab8780,
0x000002bcd6980840, 0x000002bcd6262230, 0x000002bcd6262f50, 0x000002bcc68fb3d0,
0x000002bcd0395390
}

Java Threads: ( => current thread )
  0x000002bc83c8c520 JavaThread "main"                              [_thread_blocked, id=15492, stack(0x000000c90ae00000,0x000000c90af00000) (1024K)]
  0x000002bca1877760 JavaThread "Reference Handler"          daemon [_thread_blocked, id=7932, stack(0x000000c90b600000,0x000000c90b700000) (1024K)]
  0x000002bca18781c0 JavaThread "Finalizer"                  daemon [_thread_blocked, id=18552, stack(0x000000c90b700000,0x000000c90b800000) (1024K)]
  0x000002bca187b630 JavaThread "Signal Dispatcher"          daemon [_thread_blocked, id=24612, stack(0x000000c90b800000,0x000000c90b900000) (1024K)]
  0x000002bca187c520 JavaThread "Attach Listener"            daemon [_thread_blocked, id=9004, stack(0x000000c90b900000,0x000000c90ba00000) (1024K)]
  0x000002bca187cf80 JavaThread "Service Thread"             daemon [_thread_blocked, id=19976, stack(0x000000c90ba00000,0x000000c90bb00000) (1024K)]
  0x000002bca1884830 JavaThread "Monitor Deflation Thread"   daemon [_thread_blocked, id=416, stack(0x000000c90bb00000,0x000000c90bc00000) (1024K)]
  0x000002bca188e310 JavaThread "C2 CompilerThread0"         daemon [_thread_blocked, id=22892, stack(0x000000c90bc00000,0x000000c90bd00000) (1024K)]
  0x000002bca18af020 JavaThread "C1 CompilerThread0"         daemon [_thread_blocked, id=1448, stack(0x000000c90bd00000,0x000000c90be00000) (1024K)]
  0x000002bca19f28c0 JavaThread "C1 CompilerThread1"         daemon [_thread_blocked, id=13840, stack(0x000000c90be00000,0x000000c90bf00000) (1024K)]
  0x000002bca1a88d60 JavaThread "Common-Cleaner"             daemon [_thread_blocked, id=21800, stack(0x000000c90bf00000,0x000000c90c000000) (1024K)]
  0x000002bca1a893f0 JavaThread "Notification Thread"        daemon [_thread_blocked, id=25816, stack(0x000000c90c000000,0x000000c90c100000) (1024K)]
  0x000002bcc1f93010 JavaThread "C1 CompilerThread2"         daemon [_thread_blocked, id=2424, stack(0x000000c90cf00000,0x000000c90d000000) (1024K)]
  0x000002bcc1c8b730 JavaThread "C1 CompilerThread3"         daemon [_thread_blocked, id=21940, stack(0x000000c90d000000,0x000000c90d100000) (1024K)]
  0x000002bcc29c5a00 JavaThread "Daemon health stats"               [_thread_blocked, id=20768, stack(0x000000c90c300000,0x000000c90c400000) (1024K)]
  0x000002bcc29c1ef0 JavaThread "Incoming local TCP Connector on port 49434"        [_thread_in_native, id=11772, stack(0x000000c90d100000,0x000000c90d200000) (1024K)]
  0x000002bcc29c87f0 JavaThread "Daemon periodic checks"            [_thread_blocked, id=20736, stack(0x000000c90d200000,0x000000c90d300000) (1024K)]
  0x000002bcc29c6db0 JavaThread "Daemon"                            [_thread_blocked, id=6576, stack(0x000000c90d300000,0x000000c90d400000) (1024K)]
  0x000002bcc29c2c10 JavaThread "Handler for socket connection from /127.0.0.1:49434 to /127.0.0.1:49435"        [_thread_in_native, id=15132, stack(0x000000c90d400000,0x000000c90d500000) (1024K)]
  0x000002bcc29c2580 JavaThread "Cancel handler"                    [_thread_blocked, id=17980, stack(0x000000c90d500000,0x000000c90d600000) (1024K)]
  0x000002bcc29c7ad0 JavaThread "Daemon worker"                     [_thread_blocked, id=23120, stack(0x000000c90d600000,0x000000c90d700000) (1024K)]
  0x000002bcc29c8160 JavaThread "Asynchronous log dispatcher for DefaultDaemonConnection: socket connection from /127.0.0.1:49434 to /127.0.0.1:49435"        [_thread_blocked, id=7868, stack(0x000000c90d700000,0x000000c90d800000) (1024K)]
  0x000002bcc29c8e80 JavaThread "Stdin handler"                     [_thread_blocked, id=25724, stack(0x000000c90d800000,0x000000c90d900000) (1024K)]
  0x000002bcc29c32a0 JavaThread "Daemon client event forwarder"        [_thread_blocked, id=20100, stack(0x000000c90d900000,0x000000c90da00000) (1024K)]
  0x000002bcc29c3930 JavaThread "Cache worker for journal cache (C:\Users\Admin\.gradle\caches\journal-1)"        [_thread_blocked, id=6972, stack(0x000000c90c200000,0x000000c90c300000) (1024K)]
  0x000002bcc29c6720 JavaThread "File lock request listener"        [_thread_in_native, id=816, stack(0x000000c90da00000,0x000000c90db00000) (1024K)]
  0x000002bcc29c6090 JavaThread "Cache worker for file hash cache (C:\Users\Admin\.gradle\caches\8.14.3\fileHashes)"        [_thread_blocked, id=21332, stack(0x000000c90db00000,0x000000c90dc00000) (1024K)]
  0x000002bcc29c3fc0 JavaThread "Cache worker for file hash cache (C:\Users\Admin\Desktop\ExamForg\forge-your-future-native\android\.gradle\8.14.3\fileHashes)"        [_thread_blocked, id=24544, stack(0x000000c90e300000,0x000000c90e400000) (1024K)]
  0x000002bcc29c4650 JavaThread "Cache worker for Build Output Cleanup Cache (C:\Users\Admin\Desktop\ExamForg\forge-your-future-native\android\.gradle\buildOutputCleanup)"        [_thread_blocked, id=21540, stack(0x000000c90e400000,0x000000c90e500000) (1024K)]
  0x000002bcc29c5370 JavaThread "File watcher server"        daemon [_thread_blocked, id=17856, stack(0x000000c90e500000,0x000000c90e600000) (1024K)]
  0x000002bcc29c4ce0 JavaThread "File watcher consumer"      daemon [_thread_blocked, id=7372, stack(0x000000c90e600000,0x000000c90e700000) (1024K)]
  0x000002bcc4315200 JavaThread "jar transforms"                    [_thread_blocked, id=16980, stack(0x000000c90e800000,0x000000c90e900000) (1024K)]
  0x000002bcc4313e50 JavaThread "Cache worker for checksums cache (C:\Users\Admin\Desktop\ExamForg\forge-your-future-native\android\.gradle\8.14.3\checksums)"        [_thread_blocked, id=17292, stack(0x000000c90ea00000,0x000000c90eb00000) (1024K)]
  0x000002bcc43116f0 JavaThread "Cache worker for file content cache (C:\Users\Admin\.gradle\caches\8.14.3\fileContent)"        [_thread_blocked, id=22332, stack(0x000000c90eb00000,0x000000c90ec00000) (1024K)]
  0x000002bcc4317ff0 JavaThread "Exec process"                      [_thread_blocked, id=10288, stack(0x000000c90ec00000,0x000000c90ed00000) (1024K)]
  0x000002bcc4315890 JavaThread "Exec process Thread 2"             [_thread_blocked, id=824, stack(0x000000c90e900000,0x000000c90ea00000) (1024K)]
  0x000002bcc4313130 JavaThread "Exec process Thread 3"             [_thread_blocked, id=23392, stack(0x000000c90ed00000,0x000000c90ee00000) (1024K)]
  0x000002bcc43144e0 JavaThread "Cache worker for cache directory md-supplier (C:\Users\Admin\.gradle\caches\8.14.3\md-supplier)"        [_thread_blocked, id=25688, stack(0x000000c90e700000,0x000000c90e800000) (1024K)]
  0x000002bcc4311d80 JavaThread "Cache worker for cache directory md-rule (C:\Users\Admin\.gradle\caches\8.14.3\md-rule)"        [_thread_blocked, id=11252, stack(0x000000c90dc00000,0x000000c90dd00000) (1024K)]
  0x000002bcc43165b0 JavaThread "Cache worker for Build Output Cleanup Cache (C:\Users\Admin\Desktop\ExamForg\forge-your-future-native\node_modules\@react-native\gradle-plugin\.gradle\buildOutputCleanup)"        [_thread_blocked, id=19836, stack(0x000000c90ee00000,0x000000c90ef00000) (1024K)]
  0x000002bcc4317960 JavaThread "Unconstrained build operations"        [_thread_blocked, id=24060, stack(0x000000c90f000000,0x000000c90f100000) (1024K)]
  0x000002bcc4316c40 JavaThread "Unconstrained build operations Thread 2"        [_thread_blocked, id=15528, stack(0x000000c90f100000,0x000000c90f200000) (1024K)]
  0x000002bcc43172d0 JavaThread "Unconstrained build operations Thread 3"        [_thread_blocked, id=2836, stack(0x000000c90f200000,0x000000c90f300000) (1024K)]
  0x000002bcc4311060 JavaThread "Unconstrained build operations Thread 4"        [_thread_blocked, id=3308, stack(0x000000c90f300000,0x000000c90f400000) (1024K)]
  0x000002bcc4318680 JavaThread "Unconstrained build operations Thread 5"        [_thread_blocked, id=21984, stack(0x000000c90f400000,0x000000c90f500000) (1024K)]
  0x000002bca1a886d0 JavaThread "Unconstrained build operations Thread 6"        [_thread_blocked, id=20208, stack(0x000000c90f500000,0x000000c90f600000) (1024K)]
  0x000002bcc34aab10 JavaThread "Cache worker for Build Output Cleanup Cache (C:\Users\Admin\Desktop\ExamForg\forge-your-future-native\node_modules\expo-modules-autolinking\android\expo-gradle-plugin\.gradle\buildOutputCleanup)"        [_thread_blocked, id=24968, stack(0x000000c90ef00000,0x000000c90f000000) (1024K)]
  0x000002bcc34a9760 JavaThread "Unconstrained build operations Thread 7"        [_thread_blocked, id=4116, stack(0x000000c90f600000,0x000000c90f700000) (1024K)]
  0x000002bcc34b0060 JavaThread "Unconstrained build operations Thread 8"        [_thread_blocked, id=20776, stack(0x000000c90f700000,0x000000c90f800000) (1024K)]
  0x000002bcc34ac550 JavaThread "Unconstrained build operations Thread 9"        [_thread_blocked, id=20952, stack(0x000000c90f800000,0x000000c90f900000) (1024K)]
  0x000002bcc34adf90 JavaThread "Unconstrained build operations Thread 10"        [_thread_blocked, id=10708, stack(0x000000c90f900000,0x000000c90fa00000) (1024K)]
  0x000002bcc34ab830 JavaThread "Unconstrained build operations Thread 11"        [_thread_blocked, id=19860, stack(0x000000c90fa00000,0x000000c90fb00000) (1024K)]
  0x000002bcc34a90d0 JavaThread "Unconstrained build operations Thread 12"        [_thread_blocked, id=19356, stack(0x000000c90fb00000,0x000000c90fc00000) (1024K)]
  0x000002bcc34acbe0 JavaThread "Unconstrained build operations Thread 13"        [_thread_blocked, id=5004, stack(0x000000c90fc00000,0x000000c90fd00000) (1024K)]
  0x000002bcc34aa480 JavaThread "Unconstrained build operations Thread 14"        [_thread_blocked, id=1584, stack(0x000000c90fd00000,0x000000c90fe00000) (1024K)]
  0x000002bcc34ae620 JavaThread "Unconstrained build operations Thread 15"        [_thread_blocked, id=4368, stack(0x000000c90fe00000,0x000000c90ff00000) (1024K)]
  0x000002bcc34ad270 JavaThread "Unconstrained build operations Thread 16"        [_thread_blocked, id=11184, stack(0x000000c90ff00000,0x000000c910000000) (1024K)]
  0x000002bcc34aecb0 JavaThread "Unconstrained build operations Thread 17"        [_thread_blocked, id=22296, stack(0x000000c910000000,0x000000c910100000) (1024K)]
  0x000002bcc34ad900 JavaThread "Unconstrained build operations Thread 18"        [_thread_blocked, id=740, stack(0x000000c910100000,0x000000c910200000) (1024K)]
  0x000002bcc34af340 JavaThread "Unconstrained build operations Thread 19"        [_thread_blocked, id=22252, stack(0x000000c910200000,0x000000c910300000) (1024K)]
  0x000002bcc34ab1a0 JavaThread "Unconstrained build operations Thread 20"        [_thread_blocked, id=24536, stack(0x000000c910300000,0x000000c910400000) (1024K)]
  0x000002bcc34b06f0 JavaThread "Unconstrained build operations Thread 21"        [_thread_blocked, id=4636, stack(0x000000c910400000,0x000000c910500000) (1024K)]
  0x000002bcc34af9d0 JavaThread "Unconstrained build operations Thread 22"        [_thread_blocked, id=25940, stack(0x000000c910500000,0x000000c910600000) (1024K)]
  0x000002bcc34abec0 JavaThread "Unconstrained build operations Thread 23"        [_thread_blocked, id=10624, stack(0x000000c910600000,0x000000c910700000) (1024K)]
  0x000002bcc66caf00 JavaThread "Unconstrained build operations Thread 24"        [_thread_blocked, id=19708, stack(0x000000c910700000,0x000000c910800000) (1024K)]
  0x000002bcc66cbc20 JavaThread "Unconstrained build operations Thread 25"        [_thread_blocked, id=7752, stack(0x000000c910800000,0x000000c910900000) (1024K)]
  0x000002bcc66c6040 JavaThread "Unconstrained build operations Thread 26"        [_thread_blocked, id=16812, stack(0x000000c910900000,0x000000c910a00000) (1024K)]
  0x000002bcc66c8e30 JavaThread "Unconstrained build operations Thread 27"        [_thread_blocked, id=25720, stack(0x000000c910a00000,0x000000c910b00000) (1024K)]
  0x000002bcc66cb590 JavaThread "Unconstrained build operations Thread 28"        [_thread_blocked, id=26312, stack(0x000000c910b00000,0x000000c910c00000) (1024K)]
  0x000002bcc66c73f0 JavaThread "Unconstrained build operations Thread 29"        [_thread_blocked, id=23488, stack(0x000000c910c00000,0x000000c910d00000) (1024K)]
  0x000002bcc66c5320 JavaThread "Unconstrained build operations Thread 30"        [_thread_blocked, id=19628, stack(0x000000c910d00000,0x000000c910e00000) (1024K)]
  0x000002bcc66c66d0 JavaThread "Unconstrained build operations Thread 31"        [_thread_blocked, id=3652, stack(0x000000c910e00000,0x000000c910f00000) (1024K)]
  0x000002bcc66c94c0 JavaThread "Unconstrained build operations Thread 32"        [_thread_blocked, id=23464, stack(0x000000c910f00000,0x000000c911000000) (1024K)]
  0x000002bcc66c9b50 JavaThread "Unconstrained build operations Thread 33"        [_thread_blocked, id=24636, stack(0x000000c911000000,0x000000c911100000) (1024K)]
  0x000002bcc66ca870 JavaThread "Unconstrained build operations Thread 34"        [_thread_blocked, id=18844, stack(0x000000c911100000,0x000000c911200000) (1024K)]
  0x000002bcc66c7a80 JavaThread "Unconstrained build operations Thread 35"        [_thread_blocked, id=5320, stack(0x000000c911200000,0x000000c911300000) (1024K)]
  0x000002bcc66cc2b0 JavaThread "Unconstrained build operations Thread 36"        [_thread_blocked, id=24216, stack(0x000000c911300000,0x000000c911400000) (1024K)]
  0x000002bcc66cc940 JavaThread "Unconstrained build operations Thread 37"        [_thread_blocked, id=20168, stack(0x000000c911400000,0x000000c911500000) (1024K)]
  0x000002bcc66ca1e0 JavaThread "Unconstrained build operations Thread 38"        [_thread_blocked, id=22508, stack(0x000000c911500000,0x000000c911600000) (1024K)]
  0x000002bcc66c6d60 JavaThread "Unconstrained build operations Thread 39"        [_thread_blocked, id=19592, stack(0x000000c911600000,0x000000c911700000) (1024K)]
  0x000002bcc66c59b0 JavaThread "Unconstrained build operations Thread 40"        [_thread_blocked, id=13900, stack(0x000000c911700000,0x000000c911800000) (1024K)]
  0x000002bcc66c8110 JavaThread "Unconstrained build operations Thread 41"        [_thread_blocked, id=10476, stack(0x000000c911800000,0x000000c911900000) (1024K)]
  0x000002bcc66c87a0 JavaThread "Unconstrained build operations Thread 42"        [_thread_blocked, id=2388, stack(0x000000c911900000,0x000000c911a00000) (1024K)]
  0x000002bcc150a440 JavaThread "Unconstrained build operations Thread 43"        [_thread_blocked, id=19060, stack(0x000000c911a00000,0x000000c911b00000) (1024K)]
  0x000002bcc15041d0 JavaThread "Unconstrained build operations Thread 44"        [_thread_blocked, id=5224, stack(0x000000c911b00000,0x000000c911c00000) (1024K)]
  0x000002bcc1504860 JavaThread "Unconstrained build operations Thread 45"        [_thread_blocked, id=1372, stack(0x000000c911c00000,0x000000c911d00000) (1024K)]
  0x000002bcc150aad0 JavaThread "Unconstrained build operations Thread 46"        [_thread_blocked, id=16568, stack(0x000000c911d00000,0x000000c911e00000) (1024K)]
  0x000002bcc15062a0 JavaThread "Unconstrained build operations Thread 47"        [_thread_blocked, id=7164, stack(0x000000c911e00000,0x000000c911f00000) (1024K)]
  0x000002bcc1503b40 JavaThread "Unconstrained build operations Thread 48"        [_thread_blocked, id=8536, stack(0x000000c911f00000,0x000000c912000000) (1024K)]
  0x000002bcc1508370 JavaThread "Unconstrained build operations Thread 49"        [_thread_blocked, id=19468, stack(0x000000c912000000,0x000000c912100000) (1024K)]
  0x000002bcc1504ef0 JavaThread "Unconstrained build operations Thread 50"        [_thread_blocked, id=11688, stack(0x000000c912100000,0x000000c912200000) (1024K)]
  0x000002bcc1508a00 JavaThread "Unconstrained build operations Thread 51"        [_thread_blocked, id=6132, stack(0x000000c912200000,0x000000c912300000) (1024K)]
  0x000002bcc1509db0 JavaThread "Unconstrained build operations Thread 52"        [_thread_blocked, id=20828, stack(0x000000c912300000,0x000000c912400000) (1024K)]
  0x000002bcc1506930 JavaThread "Unconstrained build operations Thread 53"        [_thread_blocked, id=21036, stack(0x000000c912400000,0x000000c912500000) (1024K)]
  0x000002bcc1505580 JavaThread "Unconstrained build operations Thread 54"        [_thread_blocked, id=24680, stack(0x000000c912500000,0x000000c912600000) (1024K)]
  0x000002bcc1506fc0 JavaThread "Unconstrained build operations Thread 55"        [_thread_blocked, id=22572, stack(0x000000c912600000,0x000000c912700000) (1024K)]
  0x000002bcc1507650 JavaThread "Unconstrained build operations Thread 56"        [_thread_blocked, id=23544, stack(0x000000c912700000,0x000000c912800000) (1024K)]
  0x000002bcc1509720 JavaThread "Unconstrained build operations Thread 57"        [_thread_blocked, id=4320, stack(0x000000c912800000,0x000000c912900000) (1024K)]
  0x000002bcc150b160 JavaThread "Unconstrained build operations Thread 58"        [_thread_blocked, id=25564, stack(0x000000c912900000,0x000000c912a00000) (1024K)]
  0x000002bcc1505c10 JavaThread "Unconstrained build operations Thread 59"        [_thread_blocked, id=12340, stack(0x000000c912a00000,0x000000c912b00000) (1024K)]
  0x000002bcc1507ce0 JavaThread "Unconstrained build operations Thread 60"        [_thread_blocked, id=3952, stack(0x000000c912b00000,0x000000c912c00000) (1024K)]
  0x000002bcc1509090 JavaThread "Unconstrained build operations Thread 61"        [_thread_blocked, id=12332, stack(0x000000c912c00000,0x000000c912d00000) (1024K)]
  0x000002bcc58d14a0 JavaThread "Unconstrained build operations Thread 62"        [_thread_blocked, id=23840, stack(0x000000c912d00000,0x000000c912e00000) (1024K)]
  0x000002bcc58cf3d0 JavaThread "Unconstrained build operations Thread 63"        [_thread_blocked, id=19292, stack(0x000000c912e00000,0x000000c912f00000) (1024K)]
  0x000002bcc58d4290 JavaThread "build event listener"              [_thread_blocked, id=26320, stack(0x000000c913000000,0x000000c913100000) (1024K)]
  0x000002bcc58d0e10 JavaThread "Memory manager"                    [_thread_blocked, id=20848, stack(0x000000c912f00000,0x000000c913000000) (1024K)]
  0x000002bcc58d4fb0 JavaThread "Unconstrained build operations Thread 64"        [_thread_blocked, id=25912, stack(0x000000c913100000,0x000000c913200000) (1024K)]
  0x000002bcc58d21c0 JavaThread "Unconstrained build operations Thread 65"        [_thread_blocked, id=10444, stack(0x000000c913200000,0x000000c913300000) (1024K)]
  0x000002bcc58ce020 JavaThread "Unconstrained build operations Thread 66"        [_thread_blocked, id=12984, stack(0x000000c913300000,0x000000c913400000) (1024K)]
  0x000002bcc58d3c00 JavaThread "Unconstrained build operations Thread 67"        [_thread_blocked, id=24392, stack(0x000000c913400000,0x000000c913500000) (1024K)]
  0x000002bcc58ced40 JavaThread "Unconstrained build operations Thread 68"        [_thread_blocked, id=6552, stack(0x000000c913500000,0x000000c913600000) (1024K)]
  0x000002bcc58d5640 JavaThread "Unconstrained build operations Thread 69"        [_thread_blocked, id=13688, stack(0x000000c913600000,0x000000c913700000) (1024K)]
  0x000002bcc58d2ee0 JavaThread "Unconstrained build operations Thread 70"        [_thread_blocked, id=3656, stack(0x000000c913700000,0x000000c913800000) (1024K)]
  0x000002bcc58ce6b0 JavaThread "Unconstrained build operations Thread 71"        [_thread_blocked, id=12780, stack(0x000000c913800000,0x000000c913900000) (1024K)]
  0x000002bcc58d0780 JavaThread "Unconstrained build operations Thread 72"        [_thread_blocked, id=22688, stack(0x000000c913900000,0x000000c913a00000) (1024K)]
  0x000002bcc58d3570 JavaThread "Unconstrained build operations Thread 73"        [_thread_blocked, id=16288, stack(0x000000c913a00000,0x000000c913b00000) (1024K)]
  0x000002bcc58d1b30 JavaThread "Unconstrained build operations Thread 74"        [_thread_blocked, id=7348, stack(0x000000c913c00000,0x000000c913d00000) (1024K)]
  0x000002bcc3eaabb0 JavaThread "Unconstrained build operations Thread 75"        [_thread_blocked, id=26488, stack(0x000000c913d00000,0x000000c913e00000) (1024K)]
  0x000002bcc3ea8ae0 JavaThread "Unconstrained build operations Thread 76"        [_thread_blocked, id=24252, stack(0x000000c913e00000,0x000000c913f00000) (1024K)]
  0x000002bcc3ea8450 JavaThread "Unconstrained build operations Thread 77"        [_thread_blocked, id=20784, stack(0x000000c913f00000,0x000000c914000000) (1024K)]
  0x000002bcc3ead310 JavaThread "Unconstrained build operations Thread 78"        [_thread_blocked, id=13852, stack(0x000000c914000000,0x000000c914100000) (1024K)]
  0x000002bcc3eacc80 JavaThread "Unconstrained build operations Thread 79"        [_thread_blocked, id=6924, stack(0x000000c914100000,0x000000c914200000) (1024K)]
  0x000002bcc3eab8d0 JavaThread "Unconstrained build operations Thread 80"        [_thread_blocked, id=18572, stack(0x000000c914200000,0x000000c914300000) (1024K)]
  0x000002bcc3ea9170 JavaThread "Unconstrained build operations Thread 81"        [_thread_blocked, id=11432, stack(0x000000c914300000,0x000000c914400000) (1024K)]
  0x000002bcc3ea9800 JavaThread "Unconstrained build operations Thread 82"        [_thread_blocked, id=19108, stack(0x000000c914400000,0x000000c914500000) (1024K)]
  0x000002bcc3ea9e90 JavaThread "build event listener"              [_thread_blocked, id=21588, stack(0x000000c914500000,0x000000c914600000) (1024K)]
  0x000002bcc3ead9a0 JavaThread "Unconstrained build operations Thread 83"        [_thread_blocked, id=20296, stack(0x000000c914600000,0x000000c914700000) (1024K)]
  0x000002bcc3eabf60 JavaThread "Unconstrained build operations Thread 84"        [_thread_blocked, id=2768, stack(0x000000c914700000,0x000000c914800000) (1024K)]
  0x000002bcc3eac5f0 JavaThread "Unconstrained build operations Thread 85"        [_thread_blocked, id=21480, stack(0x000000c914800000,0x000000c914900000) (1024K)]
  0x000002bcc3eaf3e0 JavaThread "Unconstrained build operations Thread 86"        [_thread_blocked, id=20320, stack(0x000000c914900000,0x000000c914a00000) (1024K)]
  0x000002bcc3eae030 JavaThread "Unconstrained build operations Thread 87"        [_thread_blocked, id=18664, stack(0x000000c914a00000,0x000000c914b00000) (1024K)]
  0x000002bcc3eaa520 JavaThread "Unconstrained build operations Thread 88"        [_thread_blocked, id=7644, stack(0x000000c914b00000,0x000000c914c00000) (1024K)]
  0x000002bcc3eab240 JavaThread "Unconstrained build operations Thread 89"        [_thread_blocked, id=18044, stack(0x000000c914c00000,0x000000c914d00000) (1024K)]
  0x000002bcc3eae6c0 JavaThread "Unconstrained build operations Thread 90"        [_thread_blocked, id=20592, stack(0x000000c914d00000,0x000000c914e00000) (1024K)]
  0x000002bcc3eaed50 JavaThread "Unconstrained build operations Thread 91"        [_thread_blocked, id=8348, stack(0x000000c914e00000,0x000000c914f00000) (1024K)]
  0x000002bcc7bd0540 JavaThread "Unconstrained build operations Thread 92"        [_thread_blocked, id=20096, stack(0x000000c914f00000,0x000000c915000000) (1024K)]
  0x000002bcc7bd0bd0 JavaThread "Unconstrained build operations Thread 93"        [_thread_blocked, id=6560, stack(0x000000c915000000,0x000000c915100000) (1024K)]
  0x000002bcc7bd1260 JavaThread "Unconstrained build operations Thread 94"        [_thread_blocked, id=25240, stack(0x000000c915100000,0x000000c915200000) (1024K)]
  0x000002bcc7bd6e40 JavaThread "Unconstrained build operations Thread 95"        [_thread_blocked, id=8140, stack(0x000000c915200000,0x000000c915300000) (1024K)]
  0x000002bcc7bd1f80 JavaThread "Unconstrained build operations Thread 96"        [_thread_blocked, id=25548, stack(0x000000c915300000,0x000000c915400000) (1024K)]
  0x000002bcc7bd18f0 JavaThread "Unconstrained build operations Thread 97"        [_thread_blocked, id=8288, stack(0x000000c915400000,0x000000c915500000) (1024K)]
  0x000002bcc7bd4d70 JavaThread "Unconstrained build operations Thread 98"        [_thread_blocked, id=4472, stack(0x000000c915500000,0x000000c915600000) (1024K)]
  0x000002bcc7bd2610 JavaThread "Unconstrained build operations Thread 99"        [_thread_blocked, id=6776, stack(0x000000c915600000,0x000000c915700000) (1024K)]
  0x000002bcc7bd2ca0 JavaThread "Unconstrained build operations Thread 100"        [_thread_blocked, id=21568, stack(0x000000c915700000,0x000000c915800000) (1024K)]
  0x000002bcc7bd5400 JavaThread "Unconstrained build operations Thread 101"        [_thread_blocked, id=4512, stack(0x000000c915800000,0x000000c915900000) (1024K)]
  0x000002bcc7bd3330 JavaThread "Unconstrained build operations Thread 102"        [_thread_blocked, id=7060, stack(0x000000c915900000,0x000000c915a00000) (1024K)]
  0x000002bcc7bd39c0 JavaThread "Unconstrained build operations Thread 103"        [_thread_blocked, id=26436, stack(0x000000c915a00000,0x000000c915b00000) (1024K)]
  0x000002bcc7bd4050 JavaThread "Unconstrained build operations Thread 104"        [_thread_blocked, id=2752, stack(0x000000c915b00000,0x000000c915c00000) (1024K)]
  0x000002bcc7bd5a90 JavaThread "Unconstrained build operations Thread 105"        [_thread_blocked, id=17816, stack(0x000000c915c00000,0x000000c915d00000) (1024K)]
  0x000002bcc7bd46e0 JavaThread "Unconstrained build operations Thread 106"        [_thread_blocked, id=21208, stack(0x000000c915d00000,0x000000c915e00000) (1024K)]
  0x000002bcc7bd6120 JavaThread "ForkJoinPool.commonPool-worker-1" daemon [_thread_blocked, id=10784, stack(0x000000c915f00000,0x000000c916000000) (1024K)]
  0x000002bcc7bd67b0 JavaThread "ForkJoinPool.commonPool-worker-2" daemon [_thread_blocked, id=18944, stack(0x000000c916000000,0x000000c916100000) (1024K)]
  0x000002bcc7bcfeb0 JavaThread "ForkJoinPool.commonPool-worker-3" daemon [_thread_blocked, id=18932, stack(0x000000c916100000,0x000000c916200000) (1024K)]
  0x000002bcc7bd74d0 JavaThread "ForkJoinPool.commonPool-worker-4" daemon [_thread_blocked, id=21708, stack(0x000000c916200000,0x000000c916300000) (1024K)]
  0x000002bcc8a43160 JavaThread "ForkJoinPool.commonPool-worker-5" daemon [_thread_blocked, id=20136, stack(0x000000c916300000,0x000000c916400000) (1024K)]
  0x000002bcc8a42ad0 JavaThread "ForkJoinPool.commonPool-worker-6" daemon [_thread_blocked, id=26508, stack(0x000000c916400000,0x000000c916500000) (1024K)]
  0x000002bcc8a47990 JavaThread "ForkJoinPool.commonPool-worker-7" daemon [_thread_blocked, id=26328, stack(0x000000c916500000,0x000000c916600000) (1024K)]
  0x000002bcc8a458c0 JavaThread "ForkJoinPool.commonPool-worker-8" daemon [_thread_blocked, id=24812, stack(0x000000c916600000,0x000000c916700000) (1024K)]
  0x000002bcc8a46c70 JavaThread "ForkJoinPool.commonPool-worker-9" daemon [_thread_blocked, id=12940, stack(0x000000c916700000,0x000000c916800000) (1024K)]
  0x000002bcc8a47300 JavaThread "ForkJoinPool.commonPool-worker-10" daemon [_thread_blocked, id=4216, stack(0x000000c916800000,0x000000c916900000) (1024K)]
  0x000002bcc8a45230 JavaThread "ForkJoinPool.commonPool-worker-11" daemon [_thread_blocked, id=7524, stack(0x000000c916900000,0x000000c916a00000) (1024K)]
  0x000002bcc8a493d0 JavaThread "Execution worker"                  [_thread_blocked, id=20932, stack(0x000000c916d00000,0x000000c916e00000) (1024K)]
  0x000002bcc8a465e0 JavaThread "Execution worker Thread 2"         [_thread_blocked, id=23412, stack(0x000000c916e00000,0x000000c916f00000) (1024K)]
  0x000002bcc8a49a60 JavaThread "Execution worker Thread 3"         [_thread_blocked, id=24080, stack(0x000000c916f00000,0x000000c917000000) (1024K)]
  0x000002bcc8a45f50 JavaThread "Execution worker Thread 4"         [_thread_blocked, id=19236, stack(0x000000c917000000,0x000000c917100000) (1024K)]
  0x000002bcc8a4a0f0 JavaThread "Execution worker Thread 5"         [_thread_blocked, id=26000, stack(0x000000c917100000,0x000000c917200000) (1024K)]
  0x000002bcc8a437f0 JavaThread "Execution worker Thread 6"         [_thread_blocked, id=15044, stack(0x000000c917200000,0x000000c917300000) (1024K)]
  0x000002bcc8a44ba0 JavaThread "Execution worker Thread 7"         [_thread_blocked, id=6040, stack(0x000000c917300000,0x000000c917400000) (1024K)]
  0x000002bcc3337a10 JavaThread "Execution worker Thread 8"         [_thread_blocked, id=15488, stack(0x000000c917400000,0x000000c917500000) (1024K)]
  0x000002bcc3336660 JavaThread "Execution worker Thread 9"         [_thread_blocked, id=3280, stack(0x000000c917500000,0x000000c917600000) (1024K)]
  0x000002bcc3334c20 JavaThread "Execution worker Thread 10"        [_thread_blocked, id=11844, stack(0x000000c917600000,0x000000c917700000) (1024K)]
  0x000002bcc3335fd0 JavaThread "Execution worker Thread 11"        [_thread_blocked, id=3196, stack(0x000000c917700000,0x000000c917800000) (1024K)]
  0x000002bcc3333870 JavaThread "Execution worker Thread 12"        [_thread_blocked, id=4088, stack(0x000000c917800000,0x000000c917900000) (1024K)]
  0x000002bcc33380a0 JavaThread "Execution worker Thread 13"        [_thread_blocked, id=13160, stack(0x000000c917900000,0x000000c917a00000) (1024K)]
  0x000002bcc3336cf0 JavaThread "Execution worker Thread 14"        [_thread_blocked, id=21696, stack(0x000000c917a00000,0x000000c917b00000) (1024K)]
  0x000002bcc3337380 JavaThread "Execution worker Thread 15"        [_thread_blocked, id=25664, stack(0x000000c917b00000,0x000000c917c00000) (1024K)]
  0x000002bcc3331110 JavaThread "Execution worker Thread 16"        [_thread_blocked, id=24180, stack(0x000000c917c00000,0x000000c917d00000) (1024K)]
  0x000002bcc3338730 JavaThread "Execution worker Thread 17"        [_thread_blocked, id=20572, stack(0x000000c917d00000,0x000000c917e00000) (1024K)]
  0x000002bcc33317a0 JavaThread "Execution worker Thread 18"        [_thread_blocked, id=23784, stack(0x000000c917e00000,0x000000c917f00000) (1024K)]
  0x000002bcc33352b0 JavaThread "Execution worker Thread 19"        [_thread_blocked, id=5080, stack(0x000000c917f00000,0x000000c918000000) (1024K)]
  0x000002bcc3331e30 JavaThread "Cache worker for execution history cache (C:\Users\Admin\Desktop\ExamForg\forge-your-future-native\node_modules\@react-native\gradle-plugin\.gradle\8.14.3\executionHistory)"        [_thread_blocked, id=20104, stack(0x000000c918000000,0x000000c918100000) (1024K)]
  0x000002bcc3332b50 JavaThread "Cache worker for execution history cache (C:\Users\Admin\Desktop\ExamForg\forge-your-future-native\node_modules\expo-modules-autolinking\android\expo-gradle-plugin\.gradle\8.14.3\executionHistory)"        [_thread_blocked, id=13104, stack(0x000000c918100000,0x000000c918200000) (1024K)]
  0x000002bcc3335940 JavaThread "Unconstrained build operations Thread 107"        [_thread_blocked, id=16768, stack(0x000000c918500000,0x000000c918600000) (1024K)]
  0x000002bcc3338dc0 JavaThread "Unconstrained build operations Thread 108"        [_thread_blocked, id=7880, stack(0x000000c918600000,0x000000c918700000) (1024K)]
  0x000002bcc33331e0 JavaThread "Unconstrained build operations Thread 109"        [_thread_blocked, id=21760, stack(0x000000c918700000,0x000000c918800000) (1024K)]
  0x000002bcc3339450 JavaThread "Unconstrained build operations Thread 110"        [_thread_blocked, id=22472, stack(0x000000c918800000,0x000000c918900000) (1024K)]
  0x000002bcc3333f00 JavaThread "Unconstrained build operations Thread 111"        [_thread_blocked, id=7472, stack(0x000000c918900000,0x000000c918a00000) (1024K)]
  0x000002bcc33324c0 JavaThread "Unconstrained build operations Thread 112"        [_thread_blocked, id=19760, stack(0x000000c918a00000,0x000000c918b00000) (1024K)]
  0x000002bcc3339ae0 JavaThread "Unconstrained build operations Thread 113"        [_thread_blocked, id=19636, stack(0x000000c918b00000,0x000000c918c00000) (1024K)]
  0x000002bcc333a170 JavaThread "Unconstrained build operations Thread 114"        [_thread_blocked, id=24540, stack(0x000000c918c00000,0x000000c918d00000) (1024K)]
  0x000002bcc333a800 JavaThread "Unconstrained build operations Thread 115"        [_thread_blocked, id=8916, stack(0x000000c918d00000,0x000000c918e00000) (1024K)]
  0x000002bcc333ae90 JavaThread "Unconstrained build operations Thread 116"        [_thread_blocked, id=3544, stack(0x000000c918e00000,0x000000c918f00000) (1024K)]
  0x000002bcc3334590 JavaThread "Unconstrained build operations Thread 117"        [_thread_blocked, id=4492, stack(0x000000c918f00000,0x000000c919000000) (1024K)]
  0x000002bcc333dc80 JavaThread "Unconstrained build operations Thread 118"        [_thread_blocked, id=17172, stack(0x000000c919000000,0x000000c919100000) (1024K)]
  0x000002bcc333e310 JavaThread "Unconstrained build operations Thread 119"        [_thread_blocked, id=11880, stack(0x000000c919100000,0x000000c919200000) (1024K)]
  0x000002bcc333e9a0 JavaThread "Unconstrained build operations Thread 120"        [_thread_blocked, id=18892, stack(0x000000c919200000,0x000000c919300000) (1024K)]
  0x000002bcc333b520 JavaThread "Unconstrained build operations Thread 121"        [_thread_blocked, id=20488, stack(0x000000c919300000,0x000000c919400000) (1024K)]
  0x000002bcc333f6c0 JavaThread "Unconstrained build operations Thread 122"        [_thread_blocked, id=20160, stack(0x000000c919400000,0x000000c919500000) (1024K)]
  0x000002bcc333f030 JavaThread "Unconstrained build operations Thread 123"        [_thread_blocked, id=24208, stack(0x000000c919500000,0x000000c919600000) (1024K)]
  0x000002bcc333bbb0 JavaThread "Unconstrained build operations Thread 124"        [_thread_blocked, id=11232, stack(0x000000c919600000,0x000000c919700000) (1024K)]
  0x000002bcc333fd50 JavaThread "Unconstrained build operations Thread 125"        [_thread_blocked, id=17276, stack(0x000000c919700000,0x000000c919800000) (1024K)]
  0x000002bcc33403e0 JavaThread "Unconstrained build operations Thread 126"        [_thread_blocked, id=19896, stack(0x000000c919800000,0x000000c919900000) (1024K)]
  0x000002bcc333c240 JavaThread "Unconstrained build operations Thread 127"        [_thread_blocked, id=17256, stack(0x000000c919900000,0x000000c919a00000) (1024K)]
  0x000002bcc333cf60 JavaThread "Unconstrained build operations Thread 128"        [_thread_blocked, id=23628, stack(0x000000c919a00000,0x000000c919b00000) (1024K)]
  0x000002bcc333d5f0 JavaThread "Unconstrained build operations Thread 129"        [_thread_blocked, id=26116, stack(0x000000c919b00000,0x000000c919c00000) (1024K)]
  0x000002bcc333c8d0 JavaThread "Unconstrained build operations Thread 130"        [_thread_blocked, id=23600, stack(0x000000c919c00000,0x000000c919d00000) (1024K)]
  0x000002bcc7da1700 JavaThread "Unconstrained build operations Thread 131"        [_thread_blocked, id=19928, stack(0x000000c919d00000,0x000000c919e00000) (1024K)]
  0x000002bcc7d9efa0 JavaThread "Unconstrained build operations Thread 132"        [_thread_blocked, id=8408, stack(0x000000c919e00000,0x000000c919f00000) (1024K)]
  0x000002bcc7d9d560 JavaThread "Unconstrained build operations Thread 133"        [_thread_blocked, id=17568, stack(0x000000c919f00000,0x000000c91a000000) (1024K)]
  0x000002bcc7da3e60 JavaThread "Unconstrained build operations Thread 134"        [_thread_blocked, id=24920, stack(0x000000c91a000000,0x000000c91a100000) (1024K)]
  0x000002bcc7d9e280 JavaThread "Unconstrained build operations Thread 135"        [_thread_blocked, id=16256, stack(0x000000c91a100000,0x000000c91a200000) (1024K)]
  0x000002bcc7da2ab0 JavaThread "Unconstrained build operations Thread 136"        [_thread_blocked, id=10132, stack(0x000000c91a200000,0x000000c91a300000) (1024K)]
  0x000002bcc7da44f0 JavaThread "Unconstrained build operations Thread 137"        [_thread_blocked, id=2676, stack(0x000000c91a300000,0x000000c91a400000) (1024K)]
  0x000002bcc7da1d90 JavaThread "Unconstrained build operations Thread 138"        [_thread_blocked, id=2736, stack(0x000000c91a400000,0x000000c91a500000) (1024K)]
  0x000002bcc7d9e910 JavaThread "Unconstrained build operations Thread 139"        [_thread_blocked, id=19496, stack(0x000000c91a500000,0x000000c91a600000) (1024K)]
  0x000002bcc7da4b80 JavaThread "Unconstrained build operations Thread 140"        [_thread_blocked, id=22748, stack(0x000000c91a600000,0x000000c91a700000) (1024K)]
  0x000002bcc7d9f630 JavaThread "Unconstrained build operations Thread 141"        [_thread_blocked, id=8996, stack(0x000000c91a700000,0x000000c91a800000) (1024K)]
  0x000002bcc7da2420 JavaThread "Unconstrained build operations Thread 142"        [_thread_blocked, id=4200, stack(0x000000c91a800000,0x000000c91a900000) (1024K)]
  0x000002bcc7da3140 JavaThread "Unconstrained build operations Thread 143"        [_thread_blocked, id=15324, stack(0x000000c91a900000,0x000000c91aa00000) (1024K)]
  0x000002bcc7da37d0 JavaThread "Unconstrained build operations Thread 144"        [_thread_blocked, id=2732, stack(0x000000c91ac00000,0x000000c91ad00000) (1024K)]
  0x000002bcc7d9dbf0 JavaThread "Unconstrained build operations Thread 145"        [_thread_blocked, id=4504, stack(0x000000c91ad00000,0x000000c91ae00000) (1024K)]
  0x000002bcc7da5210 JavaThread "Unconstrained build operations Thread 146"        [_thread_blocked, id=26088, stack(0x000000c91ae00000,0x000000c91af00000) (1024K)]
  0x000002bcc7d9fcc0 JavaThread "Unconstrained build operations Thread 147"        [_thread_blocked, id=25624, stack(0x000000c91af00000,0x000000c91b000000) (1024K)]
  0x000002bcc7da65c0 JavaThread "Unconstrained build operations Thread 148"        [_thread_blocked, id=19492, stack(0x000000c91b000000,0x000000c91b100000) (1024K)]
  0x000002bcc7da58a0 JavaThread "Unconstrained build operations Thread 149"        [_thread_blocked, id=24116, stack(0x000000c91b100000,0x000000c91b200000) (1024K)]
  0x000002bcc7da5f30 JavaThread "Unconstrained build operations Thread 150"        [_thread_blocked, id=25660, stack(0x000000c91b200000,0x000000c91b300000) (1024K)]
  0x000002bcc7da1070 JavaThread "Unconstrained build operations Thread 151"        [_thread_blocked, id=3592, stack(0x000000c91b300000,0x000000c91b400000) (1024K)]
  0x000002bcc7da0350 JavaThread "Unconstrained build operations Thread 152"        [_thread_blocked, id=20628, stack(0x000000c91b400000,0x000000c91b500000) (1024K)]
  0x000002bcc7da7970 JavaThread "Unconstrained build operations Thread 153"        [_thread_blocked, id=18872, stack(0x000000c91b500000,0x000000c91b600000) (1024K)]
  0x000002bcc7da6c50 JavaThread "Unconstrained build operations Thread 154"        [_thread_blocked, id=21108, stack(0x000000c91b600000,0x000000c91b700000) (1024K)]
  0x000002bcc7da09e0 JavaThread "Unconstrained build operations Thread 155"        [_thread_blocked, id=15300, stack(0x000000c91b700000,0x000000c91b800000) (1024K)]
  0x000002bcc7da72e0 JavaThread "Unconstrained build operations Thread 156"        [_thread_blocked, id=20400, stack(0x000000c91b800000,0x000000c91b900000) (1024K)]
  0x000002bcc7dac830 JavaThread "Unconstrained build operations Thread 157"        [_thread_blocked, id=11444, stack(0x000000c91b900000,0x000000c91ba00000) (1024K)]
  0x000002bcc7da8000 JavaThread "Unconstrained build operations Thread 158"        [_thread_blocked, id=8260, stack(0x000000c91ba00000,0x000000c91bb00000) (1024K)]
  0x000002bcc7da8690 JavaThread "Unconstrained build operations Thread 159"        [_thread_blocked, id=11828, stack(0x000000c91bb00000,0x000000c91bc00000) (1024K)]
  0x000002bcc7daa0d0 JavaThread "Unconstrained build operations Thread 160"        [_thread_blocked, id=17472, stack(0x000000c91bc00000,0x000000c91bd00000) (1024K)]
  0x000002bcc7da93b0 JavaThread "Unconstrained build operations Thread 161"        [_thread_blocked, id=22556, stack(0x000000c91bd00000,0x000000c91be00000) (1024K)]
  0x000002bcc7da8d20 JavaThread "Unconstrained build operations Thread 162"        [_thread_blocked, id=23420, stack(0x000000c91be00000,0x000000c91bf00000) (1024K)]
  0x000002bcc7da9a40 JavaThread "Unconstrained build operations Thread 163"        [_thread_blocked, id=22604, stack(0x000000c91bf00000,0x000000c91c000000) (1024K)]
  0x000002bcc7daa760 JavaThread "Unconstrained build operations Thread 164"        [_thread_blocked, id=17812, stack(0x000000c91c000000,0x000000c91c100000) (1024K)]
  0x000002bcc7daadf0 JavaThread "Unconstrained build operations Thread 165"        [_thread_blocked, id=8020, stack(0x000000c91c100000,0x000000c91c200000) (1024K)]
  0x000002bcc7dab480 JavaThread "Unconstrained build operations Thread 166"        [_thread_blocked, id=6836, stack(0x000000c91c200000,0x000000c91c300000) (1024K)]
  0x000002bcc7dabb10 JavaThread "Unconstrained build operations Thread 167"        [_thread_blocked, id=15192, stack(0x000000c91c300000,0x000000c91c400000) (1024K)]
  0x000002bcc7dac1a0 JavaThread "Unconstrained build operations Thread 168"        [_thread_blocked, id=12252, stack(0x000000c91c400000,0x000000c91c500000) (1024K)]
  0x000002bcc51dae90 JavaThread "Unconstrained build operations Thread 169"        [_thread_blocked, id=25312, stack(0x000000c91c500000,0x000000c91c600000) (1024K)]
  0x000002bcc51d80a0 JavaThread "Unconstrained build operations Thread 170"        [_thread_blocked, id=22620, stack(0x000000c91c600000,0x000000c91c700000) (1024K)]
  0x000002bcc51da800 JavaThread "Unconstrained build operations Thread 171"        [_thread_blocked, id=24712, stack(0x000000c91c700000,0x000000c91c800000) (1024K)]
  0x000002bcc51d9450 JavaThread "Unconstrained build operations Thread 172"        [_thread_blocked, id=17460, stack(0x000000c91c800000,0x000000c91c900000) (1024K)]
  0x000002bcc51dc8d0 JavaThread "Unconstrained build operations Thread 173"        [_thread_blocked, id=10292, stack(0x000000c91c900000,0x000000c91ca00000) (1024K)]
  0x000002bcc51da170 JavaThread "Unconstrained build operations Thread 174"        [_thread_blocked, id=8992, stack(0x000000c91ca00000,0x000000c91cb00000) (1024K)]
  0x000002bcc51d5fd0 JavaThread "Unconstrained build operations Thread 175"        [_thread_blocked, id=23540, stack(0x000000c91cb00000,0x000000c91cc00000) (1024K)]
  0x000002bcc51d9ae0 JavaThread "Unconstrained build operations Thread 176"        [_thread_blocked, id=12136, stack(0x000000c91cc00000,0x000000c91cd00000) (1024K)]
  0x000002bcc51d5940 JavaThread "Unconstrained build operations Thread 177"        [_thread_blocked, id=20608, stack(0x000000c91cd00000,0x000000c91ce00000) (1024K)]
  0x000002bcc51d8dc0 JavaThread "Unconstrained build operations Thread 178"        [_thread_blocked, id=21336, stack(0x000000c91ce00000,0x000000c91cf00000) (1024K)]
  0x000002bcc51d6cf0 JavaThread "Unconstrained build operations Thread 179"        [_thread_blocked, id=4624, stack(0x000000c91cf00000,0x000000c91d000000) (1024K)]
  0x000002bcc51d8730 JavaThread "Unconstrained build operations Thread 180"        [_thread_blocked, id=17652, stack(0x000000c91d000000,0x000000c91d100000) (1024K)]
  0x000002bcc51dcf60 JavaThread "Unconstrained build operations Thread 181"        [_thread_blocked, id=24076, stack(0x000000c91d100000,0x000000c91d200000) (1024K)]
  0x000002bcc51db520 JavaThread "Unconstrained build operations Thread 182"        [_thread_blocked, id=23908, stack(0x000000c91d200000,0x000000c91d300000) (1024K)]
  0x000002bcc51d6660 JavaThread "Unconstrained build operations Thread 183"        [_thread_blocked, id=17008, stack(0x000000c91d300000,0x000000c91d400000) (1024K)]
  0x000002bcc51dbbb0 JavaThread "Unconstrained build operations Thread 184"        [_thread_blocked, id=20284, stack(0x000000c91d400000,0x000000c91d500000) (1024K)]
  0x000002bcc51d7380 JavaThread "Unconstrained build operations Thread 185"        [_thread_blocked, id=11416, stack(0x000000c91d500000,0x000000c91d600000) (1024K)]
  0x000002bcc51dc240 JavaThread "Unconstrained build operations Thread 186"        [_thread_blocked, id=17660, stack(0x000000c91d600000,0x000000c91d700000) (1024K)]
  0x000002bcc51d7a10 JavaThread "Unconstrained build operations Thread 187"        [_thread_blocked, id=24172, stack(0x000000c91d700000,0x000000c91d800000) (1024K)]
  0x000002bcc51df030 JavaThread "Unconstrained build operations Thread 188"        [_thread_blocked, id=1680, stack(0x000000c91d800000,0x000000c91d900000) (1024K)]
  0x000002bcc51de310 JavaThread "Unconstrained build operations Thread 189"        [_thread_blocked, id=17868, stack(0x000000c91d900000,0x000000c91da00000) (1024K)]
  0x000002bcc51ddc80 JavaThread "Unconstrained build operations Thread 190"        [_thread_blocked, id=9608, stack(0x000000c91da00000,0x000000c91db00000) (1024K)]
  0x000002bcc51e0a70 JavaThread "Unconstrained build operations Thread 191"        [_thread_blocked, id=6932, stack(0x000000c91db00000,0x000000c91dc00000) (1024K)]
  0x000002bcc51e3860 JavaThread "Unconstrained build operations Thread 192"        [_thread_blocked, id=20596, stack(0x000000c91dc00000,0x000000c91dd00000) (1024K)]
  0x000002bcc51dd5f0 JavaThread "Unconstrained build operations Thread 193"        [_thread_blocked, id=21008, stack(0x000000c91dd00000,0x000000c91de00000) (1024K)]
  0x000002bcc51e1100 JavaThread "Unconstrained build operations Thread 194"        [_thread_blocked, id=19396, stack(0x000000c91de00000,0x000000c91df00000) (1024K)]
  0x000002bcc51de9a0 JavaThread "Unconstrained build operations Thread 195"        [_thread_blocked, id=21184, stack(0x000000c91df00000,0x000000c91e000000) (1024K)]
  0x000002bcc51df6c0 JavaThread "Unconstrained build operations Thread 196"        [_thread_blocked, id=4620, stack(0x000000c91e000000,0x000000c91e100000) (1024K)]
  0x000002bcc51dfd50 JavaThread "Unconstrained build operations Thread 197"        [_thread_blocked, id=19800, stack(0x000000c91e100000,0x000000c91e200000) (1024K)]
  0x000002bcc51e1e20 JavaThread "Unconstrained build operations Thread 198"        [_thread_blocked, id=18624, stack(0x000000c91e200000,0x000000c91e300000) (1024K)]
  0x000002bcc51e4c10 JavaThread "Unconstrained build operations Thread 199"        [_thread_blocked, id=3648, stack(0x000000c91e300000,0x000000c91e400000) (1024K)]
  0x000002bcc51e03e0 JavaThread "Unconstrained build operations Thread 200"        [_thread_blocked, id=21644, stack(0x000000c91e400000,0x000000c91e500000) (1024K)]
  0x000002bcc51e3ef0 JavaThread "jar transforms Thread 2"           [_thread_blocked, id=17640, stack(0x000000c918400000,0x000000c918500000) (1024K)]
  0x000002bcc51e31d0 JavaThread "Cache worker for Build Output Cleanup Cache (C:\Users\Admin\Desktop\ExamForg\forge-your-future-native\node_modules\expo-dev-launcher\expo-dev-launcher-gradle-plugin\.gradle\buildOutputCleanup)"        [_thread_blocked, id=23020, stack(0x000000c918200000,0x000000c918300000) (1024K)]
  0x000002bcc90a1820 JavaThread "Cache worker for Build Output Cleanup Cache (C:\Users\Admin\Desktop\ExamForg\forge-your-future-native\node_modules\expo-modules-core\expo-module-gradle-plugin\.gradle\buildOutputCleanup)"        [_thread_blocked, id=21048, stack(0x000000c918300000,0x000000c918400000) (1024K)]
  0x000002bcc90a3f80 JavaThread "build event listener"              [_thread_blocked, id=25552, stack(0x000000c91e900000,0x000000c91ea00000) (1024K)]
  0x000002bcc90a2540 JavaThread "build event listener"              [_thread_blocked, id=21820, stack(0x000000c91ea00000,0x000000c91eb00000) (1024K)]
  0x000002bcc90a2bd0 JavaThread "jar transforms Thread 3"           [_thread_blocked, id=24312, stack(0x000000c91eb00000,0x000000c91ec00000) (1024K)]
  0x000002bcc909cff0 JavaThread "included builds Thread 3"          [_thread_blocked, id=4252, stack(0x000000c91ec00000,0x000000c91ed00000) (1024K)]
  0x000002bcc90a3260 JavaThread "Cache worker for execution history cache (C:\Users\Admin\Desktop\ExamForg\forge-your-future-native\node_modules\expo-dev-launcher\expo-dev-launcher-gradle-plugin\.gradle\8.14.3\executionHistory)"        [_thread_blocked, id=8480, stack(0x000000c91ee00000,0x000000c91ef00000) (1024K)]
  0x000002bcc90a38f0 JavaThread "Cache worker for execution history cache (C:\Users\Admin\Desktop\ExamForg\forge-your-future-native\node_modules\expo-modules-core\expo-module-gradle-plugin\.gradle\8.14.3\executionHistory)"        [_thread_blocked, id=21636, stack(0x000000c91ef00000,0x000000c91f000000) (1024K)]
  0x000002bcc90a1190 JavaThread "jar transforms Thread 4"           [_thread_blocked, id=9884, stack(0x000000c91f000000,0x000000c91f100000) (1024K)]
  0x000002bcc909d680 JavaThread "Problems report writer"            [_thread_blocked, id=19020, stack(0x000000c91e700000,0x000000c91e800000) (1024K)]
  0x000002bcc909f0c0 JavaThread "jar transforms Thread 5"           [_thread_blocked, id=26240, stack(0x000000c91e600000,0x000000c91e700000) (1024K)]
  0x000002bcc909f750 JavaThread "jar transforms Thread 6"           [_thread_blocked, id=10568, stack(0x000000c91e800000,0x000000c91e900000) (1024K)]
  0x000002bcc62fa870 JavaThread "build event listener"              [_thread_blocked, id=21316, stack(0x000000c90c100000,0x000000c90c200000) (1024K)]
  0x000002bcc90a59c0 JavaThread "jar transforms Thread 7"           [_thread_blocked, id=11864, stack(0x000000c91f200000,0x000000c91f300000) (1024K)]
  0x000002bcc90abc30 JavaThread "jar transforms Thread 8"           [_thread_blocked, id=22492, stack(0x000000c91f300000,0x000000c91f400000) (1024K)]
  0x000002bcc90ac2c0 JavaThread "jar transforms Thread 9"           [_thread_blocked, id=6752, stack(0x000000c91f100000,0x000000c91f200000) (1024K)]
  0x000002bcc51e2b40 JavaThread "jar transforms Thread 10"          [_thread_blocked, id=21768, stack(0x000000c91f400000,0x000000c91f500000) (1024K)]
  0x000002bcce24c000 JavaThread "jar transforms Thread 11"          [_thread_blocked, id=26092, stack(0x000000c91f500000,0x000000c91f600000) (1024K)]
  0x000002bcce251be0 JavaThread "jar transforms Thread 12"          [_thread_blocked, id=25420, stack(0x000000c91f600000,0x000000c91f700000) (1024K)]
  0x000002bcce252900 JavaThread "jar transforms Thread 13"          [_thread_blocked, id=18832, stack(0x000000c91f700000,0x000000c91f800000) (1024K)]
  0x000002bcce252f90 JavaThread "jar transforms Thread 14"          [_thread_blocked, id=5032, stack(0x000000c91f800000,0x000000c91f900000) (1024K)]
  0x000002bcce24c690 JavaThread "jar transforms Thread 15"          [_thread_blocked, id=8828, stack(0x000000c91f900000,0x000000c91fa00000) (1024K)]
  0x000002bcce253cb0 JavaThread "jar transforms Thread 16"          [_thread_blocked, id=12188, stack(0x000000c91fa00000,0x000000c91fb00000) (1024K)]
  0x000002bcce24f480 JavaThread "jar transforms Thread 17"          [_thread_blocked, id=23512, stack(0x000000c91fb00000,0x000000c91fc00000) (1024K)]
  0x000002bcce252270 JavaThread "jar transforms Thread 18"          [_thread_blocked, id=10224, stack(0x000000c91fc00000,0x000000c91fd00000) (1024K)]
  0x000002bcce24d3b0 JavaThread "jar transforms Thread 19"          [_thread_blocked, id=4580, stack(0x000000c91fd00000,0x000000c91fe00000) (1024K)]
  0x000002bcce24fb10 JavaThread "jar transforms Thread 20"          [_thread_blocked, id=764, stack(0x000000c91fe00000,0x000000c91ff00000) (1024K)]
  0x000002bccfe8a730 JavaThread "Cache worker for execution history cache (C:\Users\Admin\Desktop\ExamForg\forge-your-future-native\android\.gradle\8.14.3\executionHistory)"        [_thread_blocked, id=23912, stack(0x000000c920500000,0x000000c920600000) (1024K)]
  0x000002bcd3a63710 JavaThread "Exec process Thread 4"             [_thread_blocked, id=19640, stack(0x000000c920600000,0x000000c920700000) (1024K)]
  0x000002bcce6ba390 JavaThread "Exec process Thread 5"             [_thread_in_native, id=20140, stack(0x000000c920700000,0x000000c920800000) (1024K)]
  0x000002bcc8146500 JavaThread "Exec process Thread 6"             [_thread_blocked, id=10644, stack(0x000000c920800000,0x000000c920900000) (1024K)]
  0x000002bccfe89a10 JavaThread "Exec process Thread 7"             [_thread_in_native, id=23736, stack(0x000000c920900000,0x000000c920a00000) (1024K)]
  0x000002bcce24cd20 JavaThread "Exec process Thread 8"             [_thread_in_native, id=12524, stack(0x000000c920a00000,0x000000c920b00000) (1024K)]
  0x000002bccfae37b0 JavaThread "Exec process Thread 9"             [_thread_blocked, id=5180, stack(0x000000c920b00000,0x000000c920c00000) (1024K)]
  0x000002bcce6baa20 JavaThread "Exec process Thread 10"            [_thread_blocked, id=11096, stack(0x000000c920c00000,0x000000c920d00000) (1024K)]
  0x000002bcd0c2ef80 JavaThread "Exec process Thread 11"            [_thread_blocked, id=18896, stack(0x000000c920d00000,0x000000c920e00000) (1024K)]
  0x000002bcd0c2e260 JavaThread "Exec process Thread 12"            [_thread_in_native, id=20292, stack(0x000000c920e00000,0x000000c920f00000) (1024K)]
  0x000002bccfae3e40 JavaThread "WorkerExecutor Queue"              [_thread_blocked, id=25872, stack(0x000000c920f00000,0x000000c921000000) (1024K)]
  0x000002bcd3a64430 JavaThread "WorkerExecutor Queue Thread 2"        [_thread_blocked, id=22328, stack(0x000000c921000000,0x000000c921100000) (1024K)]
  0x000002bcc6029d80 JavaThread "WorkerExecutor Queue Thread 3"        [_thread_blocked, id=22336, stack(0x000000c921100000,0x000000c921200000) (1024K)]
  0x000002bcd0c2e8f0 JavaThread "WorkerExecutor Queue Thread 5"        [_thread_blocked, id=7236, stack(0x000000c921300000,0x000000c921400000) (1024K)]
  0x000002bcce250830 JavaThread "WorkerExecutor Queue Thread 6"        [_thread_blocked, id=17484, stack(0x000000c921400000,0x000000c921500000) (1024K)]
  0x000002bcd51d71d0 JavaThread "WorkerExecutor Queue Thread 7"        [_thread_blocked, id=25976, stack(0x000000c921500000,0x000000c921600000) (1024K)]
  0x000002bcd440c860 JavaThread "WorkerExecutor Queue Thread 8"        [_thread_blocked, id=6920, stack(0x000000c921600000,0x000000c921700000) (1024K)]
  0x000002bcceba46f0 JavaThread "WorkerExecutor Queue Thread 10"        [_thread_in_native, id=11960, stack(0x000000c921800000,0x000000c921900000) (1024K)]
  0x000002bccfae44d0 JavaThread "WorkerExecutor Queue Thread 11"        [_thread_blocked, id=5352, stack(0x000000c921900000,0x000000c921a00000) (1024K)]
  0x000002bcceba6e50 JavaThread "WorkerExecutor Queue Thread 13"        [_thread_blocked, id=2844, stack(0x000000c921b00000,0x000000c921c00000) (1024K)]
  0x000002bcd4545e90 JavaThread "WorkerExecutor Queue Thread 14"        [_thread_blocked, id=1376, stack(0x000000c921c00000,0x000000c921d00000) (1024K)]
  0x000002bcd4549310 JavaThread "WorkerExecutor Queue Thread 18"        [_thread_blocked, id=18360, stack(0x000000c922000000,0x000000c922100000) (1024K)]
  0x000002bccffff1b0 JavaThread "Exec process Thread 13"            [_thread_blocked, id=25004, stack(0x000000c922100000,0x000000c922200000) (1024K)]
  0x000002bccfffeb20 JavaThread "Exec process Thread 14"            [_thread_blocked, id=8256, stack(0x000000c922200000,0x000000c922300000) (1024K)]
  0x000002bcd3644880 JavaThread "Exec process Thread 15"            [_thread_blocked, id=22832, stack(0x000000c922300000,0x000000c922400000) (1024K)]
  0x000002bcd3643b60 JavaThread "Exec process Thread 16"            [_thread_blocked, id=7400, stack(0x000000c922400000,0x000000c922500000) (1024K)]
  0x000002bcd0c2f610 JavaThread "Exec process Thread 17"            [_thread_blocked, id=22152, stack(0x000000c922500000,0x000000c922600000) (1024K)]
  0x000002bcd34c43c0 JavaThread "Exec process Thread 18"            [_thread_blocked, id=8864, stack(0x000000c922600000,0x000000c922700000) (1024K)]
  0x000002bcd3642e40 JavaThread "Exec process Thread 19"            [_thread_blocked, id=13884, stack(0x000000c922700000,0x000000c922800000) (1024K)]
  0x000002bcd36441f0 JavaThread "Exec process Thread 20"            [_thread_blocked, id=19368, stack(0x000000c922800000,0x000000c922900000) (1024K)]
  0x000002bcc602be50 JavaThread "WorkerExecutor Queue Thread 19"        [_thread_blocked, id=2204, stack(0x000000c922900000,0x000000c922a00000) (1024K)]
  0x000002bcce0a2800 JavaThread "WorkerExecutor Queue Thread 20"        [_thread_blocked, id=22160, stack(0x000000c922a00000,0x000000c922b00000) (1024K)]
  0x000002bcd0f3f690 JavaThread "Exec process Thread 21"            [_thread_in_native, id=25804, stack(0x000000c922b00000,0x000000c922c00000) (1024K)]
  0x000002bcd0f3d5c0 JavaThread "Exec process Thread 22"            [_thread_blocked, id=18028, stack(0x000000c922c00000,0x000000c922d00000) (1024K)]
  0x000002bccfe8a0a0 JavaThread "Exec process Thread 23"            [_thread_in_native, id=10788, stack(0x000000c922d00000,0x000000c922e00000) (1024K)]
  0x000002bccfe8bae0 JavaThread "Exec process Thread 24"            [_thread_in_native, id=20048, stack(0x000000c922e00000,0x000000c922f00000) (1024K)]
  0x000002bcce0a3bb0 JavaThread "Exec process Thread 25"            [_thread_in_native, id=16888, stack(0x000000c922f00000,0x000000c923000000) (1024K)]
  0x000002bcce0a4240 JavaThread "Exec process Thread 26"            [_thread_blocked, id=408, stack(0x000000c923000000,0x000000c923100000) (1024K)]
  0x000002bcce0a55f0 JavaThread "Exec process Thread 27"            [_thread_blocked, id=23336, stack(0x000000c923100000,0x000000c923200000) (1024K)]
  0x000002bcce0a48d0 JavaThread "Exec process Thread 28"            [_thread_blocked, id=25640, stack(0x000000c923200000,0x000000c923300000) (1024K)]
  0x000002bcd440e930 JavaThread "Exec process Thread 29"            [_thread_blocked, id=15136, stack(0x000000c923300000,0x000000c923400000) (1024K)]
  0x000002bcd440e2a0 JavaThread "Exec process Thread 30"            [_thread_blocked, id=1268, stack(0x000000c923400000,0x000000c923500000) (1024K)]
  0x000002bcd0f3fd20 JavaThread "Cache worker for Java compile cache (C:\Users\Admin\.gradle\caches\8.14.3\javaCompile)"        [_thread_blocked, id=26028, stack(0x000000c920200000,0x000000c920300000) (1024K)]
  0x000002bcd1f17050 JavaThread "WorkerExecutor Queue Thread 21"        [_thread_blocked, id=22740, stack(0x000000c920300000,0x000000c920400000) (1024K)]
  0x000002bccfe88660 JavaThread "WorkerExecutor Queue Thread 22"        [_thread_blocked, id=20416, stack(0x000000c920400000,0x000000c920500000) (1024K)]
  0x000002bcd1f17d70 JavaThread "pool-3-thread-1"                   [_thread_blocked, id=24776, stack(0x000000c923500000,0x000000c923600000) (1024K)]
  0x000002bcceba4d80 JavaThread "WorkerExecutor Queue Thread 23"        [_thread_in_native, id=4628, stack(0x000000c923600000,0x000000c923700000) (1024K)]
  0x000002bcceba74e0 JavaThread "stderr"                            [_thread_in_native, id=25300, stack(0x000000c923700000,0x000000c923800000) (1024K)]
  0x000002bcceba4060 JavaThread "stdout"                            [_thread_in_native, id=7160, stack(0x000000c923800000,0x000000c923900000) (1024K)]
  0x000002bcc88bd3c0 JavaThread "stderr"                            [_thread_in_native, id=10952, stack(0x000000c923900000,0x000000c923a00000) (1024K)]
  0x000002bcc88bda50 JavaThread "stdout"                            [_thread_in_native, id=22608, stack(0x000000c923a00000,0x000000c923b00000) (1024K)]
  0x000002bcd25c6160 JavaThread "stderr"                            [_thread_in_native, id=1688, stack(0x000000c923b00000,0x000000c923c00000) (1024K)]
  0x000002bcd25c4720 JavaThread "stdout"                            [_thread_in_native, id=24192, stack(0x000000c923c00000,0x000000c923d00000) (1024K)]
  0x000002bcc5723680 JavaThread "stderr"                            [_thread_in_native, id=8636, stack(0x000000c923d00000,0x000000c923e00000) (1024K)]
  0x000002bcd328a0b0 JavaThread "stdout"                            [_thread_in_native, id=25320, stack(0x000000c923e00000,0x000000c923f00000) (1024K)]
  0x000002bcc88bee00 JavaThread "stderr"                            [_thread_in_native, id=17088, stack(0x000000c923f00000,0x000000c924000000) (1024K)]
  0x000002bcc88c01b0 JavaThread "stdout"                            [_thread_in_native, id=24212, stack(0x000000c924000000,0x000000c924100000) (1024K)]
  0x000002bcd1f18a90 JavaThread "stderr"                            [_thread_in_native, id=2084, stack(0x000000c924100000,0x000000c924200000) (1024K)]
  0x000002bcd1f16330 JavaThread "stdout"                            [_thread_in_native, id=21956, stack(0x000000c924200000,0x000000c924300000) (1024K)]
  0x000002bcd3288670 JavaThread "stderr"                            [_thread_in_native, id=21120, stack(0x000000c924300000,0x000000c924400000) (1024K)]
  0x000002bcd3287fe0 JavaThread "stdout"                            [_thread_in_native, id=2468, stack(0x000000c924400000,0x000000c924500000) (1024K)]
  0x000002bcd51d64b0 JavaThread "Build operations"                  [_thread_blocked, id=17724, stack(0x000000c921a00000,0x000000c921b00000) (1024K)]
  0x000002bcd51d5e20 JavaThread "Build operations Thread 2"         [_thread_blocked, id=7920, stack(0x000000c921e00000,0x000000c921f00000) (1024K)]
  0x000002bcd51d7ef0 JavaThread "Build operations Thread 3"         [_thread_blocked, id=9808, stack(0x000000c924800000,0x000000c924900000) (1024K)]
  0x000002bcd51d8580 JavaThread "Build operations Thread 4"         [_thread_blocked, id=21296, stack(0x000000c924900000,0x000000c924a00000) (1024K)]
  0x000002bcd51d8c10 JavaThread "Build operations Thread 5"         [_thread_blocked, id=24204, stack(0x000000c924a00000,0x000000c924b00000) (1024K)]
  0x000002bcd51d7860 JavaThread "Build operations Thread 6"         [_thread_blocked, id=22720, stack(0x000000c924b00000,0x000000c924c00000) (1024K)]
  0x000002bcd016f340 JavaThread "Build operations Thread 7"         [_thread_blocked, id=19420, stack(0x000000c924c00000,0x000000c924d00000) (1024K)]
  0x000002bcd016e620 JavaThread "Build operations Thread 8"         [_thread_blocked, id=11796, stack(0x000000c924d00000,0x000000c924e00000) (1024K)]
  0x000002bcd016ecb0 JavaThread "Build operations Thread 9"         [_thread_blocked, id=19188, stack(0x000000c924e00000,0x000000c924f00000) (1024K)]
  0x000002bcc9bced50 JavaThread "Build operations Thread 10"        [_thread_blocked, id=8788, stack(0x000000c924f00000,0x000000c925000000) (1024K)]
  0x000002bcc9bcd310 JavaThread "Build operations Thread 11"        [_thread_blocked, id=19964, stack(0x000000c925000000,0x000000c925100000) (1024K)]
  0x000002bcc9bcbf60 JavaThread "Build operations Thread 12"        [_thread_blocked, id=20364, stack(0x000000c925100000,0x000000c925200000) (1024K)]
  0x000002bcc9bcf3e0 JavaThread "Build operations Thread 13"        [_thread_blocked, id=13820, stack(0x000000c925200000,0x000000c925300000) (1024K)]
  0x000002bcc9bcc5f0 JavaThread "Build operations Thread 14"        [_thread_blocked, id=4292, stack(0x000000c925300000,0x000000c925400000) (1024K)]
  0x000002bcc9bcd9a0 JavaThread "Build operations Thread 15"        [_thread_blocked, id=12052, stack(0x000000c925400000,0x000000c925500000) (1024K)]
  0x000002bcc9bce6c0 JavaThread "Build operations Thread 16"        [_thread_blocked, id=4048, stack(0x000000c925500000,0x000000c925600000) (1024K)]
  0x000002bcc9bccc80 JavaThread "Build operations Thread 17"        [_thread_blocked, id=6768, stack(0x000000c925600000,0x000000c925700000) (1024K)]
  0x000002bcc9bce030 JavaThread "Build operations Thread 18"        [_thread_blocked, id=16844, stack(0x000000c925700000,0x000000c925800000) (1024K)]
  0x000002bcd30b8fa0 JavaThread "Build operations Thread 19"        [_thread_blocked, id=22708, stack(0x000000c925800000,0x000000c925900000) (1024K)]
  0x000002bcd697f490 JavaThread "WorkerExecutor Queue Thread 24"        [_thread_blocked, id=20216, stack(0x000000c921700000,0x000000c921800000) (1024K)]
  0x000002bcd3a55330 JavaThread "Build operations Thread 20"        [_thread_blocked, id=2352, stack(0x000000c925900000,0x000000c925a00000) (1024K)]
  0x000002bcce2549d0 JavaThread "WorkerExecutor Queue Thread 25"        [_thread_blocked, id=13048, stack(0x000000c925a00000,0x000000c925b00000) (1024K)]
  0x000002bcc990f7a0 JavaThread "WorkerExecutor Queue Thread 27"        [_thread_blocked, id=18692, stack(0x000000c921d00000,0x000000c921e00000) (1024K)]
  0x000002bcd440c1d0 JavaThread "Java2D Disposer"            daemon [_thread_blocked, id=17904, stack(0x000000c925b00000,0x000000c925c00000) (1024K)]
  0x000002bcd440d580 JavaThread "AWT-Windows"                daemon [_thread_in_native, id=25280, stack(0x000000c925d00000,0x000000c925e00000) (1024K)]
  0x000002bcc36ca770 JavaThread "RMI Scheduler(0)"           daemon [_thread_blocked, id=21764, stack(0x000000c921f00000,0x000000c922000000) (1024K)]
  0x000002bcc36cae00 JavaThread "RMI RenewClean-[127.0.0.1:17331,org.jetbrains.kotlin.daemon.common.LoopbackNetworkInterface$ClientLoopbackSocketFactory@66c8606e]" daemon [_thread_blocked, id=4608, stack(0x000000c925e00000,0x000000c925f00000) (1024K)]
  0x000002bcc5725de0 JavaThread "RMI GC Daemon"              daemon [_thread_blocked, id=4948, stack(0x000000c925f00000,0x000000c926000000) (1024K)]
  0x000002bcd1f15ca0 JavaThread "RMI RenewClean-[127.0.0.1:17331,org.jetbrains.kotlin.daemon.common.LoopbackNetworkInterface$ClientLoopbackSocketFactory@4391fcd1]" daemon [_thread_blocked, id=25716, stack(0x000000c926000000,0x000000c926100000) (1024K)]
  0x000002bcd697ee00 JavaThread "DefaultDispatcher-worker-1" daemon [_thread_blocked, id=17688, stack(0x000000c926100000,0x000000c926200000) (1024K)]
  0x000002bcd697fb20 JavaThread "DefaultDispatcher-worker-3" daemon [_thread_blocked, id=25776, stack(0x000000c926200000,0x000000c926300000) (1024K)]
  0x000002bcd69801b0 JavaThread "DefaultDispatcher-worker-2" daemon [_thread_blocked, id=24152, stack(0x000000c926300000,0x000000c926400000) (1024K)]
  0x000002bcd5abaee0 JavaThread "DefaultDispatcher-worker-4" daemon [_thread_blocked, id=6780, stack(0x000000c926400000,0x000000c926500000) (1024K)]
  0x000002bcc36cbb20 JavaThread "RMI TCP Accept-0"           daemon [_thread_in_native, id=7344, stack(0x000000c926500000,0x000000c926600000) (1024K)]
  0x000002bcc36c8d30 JavaThread "RMI Reaper"                        [_thread_blocked, id=24700, stack(0x000000c926600000,0x000000c926700000) (1024K)]
  0x000002bcce255060 JavaThread "DefaultDispatcher-worker-5" daemon [_thread_blocked, id=19556, stack(0x000000c926700000,0x000000c926800000) (1024K)]
  0x000002bcd62635e0 JavaThread "DefaultDispatcher-worker-6" daemon [_thread_blocked, id=2892, stack(0x000000c926800000,0x000000c926900000) (1024K)]
  0x000002bcc78c4680 JavaThread "DefaultDispatcher-worker-7" daemon [_thread_blocked, id=12988, stack(0x000000c926900000,0x000000c926a00000) (1024K)]
  0x000002bcd5ab8780 JavaThread "DefaultDispatcher-worker-8" daemon [_thread_blocked, id=23172, stack(0x000000c926a00000,0x000000c926b00000) (1024K)]
  0x000002bcd6980840 JavaThread "DefaultDispatcher-worker-9" daemon [_thread_blocked, id=25684, stack(0x000000c926b00000,0x000000c926c00000) (1024K)]
  0x000002bcd6262230 JavaThread "RMI TCP Connection(3)-127.0.0.1" daemon [_thread_in_native, id=9812, stack(0x000000c921200000,0x000000c921300000) (1024K)]
  0x000002bcd6262f50 JavaThread "RMI TCP Connection(4)-127.0.0.1" daemon [_thread_in_native, id=9460, stack(0x000000c925c00000,0x000000c925d00000) (1024K)]
  0x000002bcc68fb3d0 JavaThread "C2 CompilerThread1"         daemon [_thread_blocked, id=24656, stack(0x000000c90ab00000,0x000000c90ac00000) (1024K)]
  0x000002bcd0395390 JavaThread "C2 CompilerThread2"         daemon [_thread_blocked, id=19232, stack(0x000000c913b00000,0x000000c913c00000) (1024K)]
Total: 409

Other Threads:
=>0x000002bca185cda0 VMThread "VM Thread"                           [id=5412, stack(0x000000c90b500000,0x000000c90b600000) (1024K)]
  0x000002bca15fea10 WatcherThread "VM Periodic Task Thread"        [id=6660, stack(0x000000c90b400000,0x000000c90b500000) (1024K)]
  0x000002bc83ce51e0 WorkerThread "GC Thread#0"                     [id=20812, stack(0x000000c90af00000,0x000000c90b000000) (1024K)]
  0x000002bcc12889a0 WorkerThread "GC Thread#1"                     [id=19472, stack(0x000000c90c400000,0x000000c90c500000) (1024K)]
  0x000002bcc12b1480 WorkerThread "GC Thread#2"                     [id=3228, stack(0x000000c90c500000,0x000000c90c600000) (1024K)]
  0x000002bcc1133830 WorkerThread "GC Thread#3"                     [id=4484, stack(0x000000c90c600000,0x000000c90c700000) (1024K)]
  0x000002bcc13d2d00 WorkerThread "GC Thread#4"                     [id=9864, stack(0x000000c90c700000,0x000000c90c800000) (1024K)]
  0x000002bcc13d30b0 WorkerThread "GC Thread#5"                     [id=19912, stack(0x000000c90c800000,0x000000c90c900000) (1024K)]
  0x000002bcc1324430 WorkerThread "GC Thread#6"                     [id=22448, stack(0x000000c90c900000,0x000000c90ca00000) (1024K)]
  0x000002bcc13247e0 WorkerThread "GC Thread#7"                     [id=22500, stack(0x000000c90ca00000,0x000000c90cb00000) (1024K)]
  0x000002bcc1324b90 WorkerThread "GC Thread#8"                     [id=9300, stack(0x000000c90cb00000,0x000000c90cc00000) (1024K)]
  0x000002bcc12bd8d0 WorkerThread "GC Thread#9"                     [id=2436, stack(0x000000c90cc00000,0x000000c90cd00000) (1024K)]
  0x000002bcc12bdc80 WorkerThread "GC Thread#10"                    [id=21124, stack(0x000000c90cd00000,0x000000c90ce00000) (1024K)]
  0x000002bcc1629bd0 WorkerThread "GC Thread#11"                    [id=3580, stack(0x000000c90ce00000,0x000000c90cf00000) (1024K)]
  0x000002bcc39a89f0 WorkerThread "GC Thread#12"                    [id=23704, stack(0x000000c90dd00000,0x000000c90de00000) (1024K)]
  0x000002bcc39a7ee0 WorkerThread "GC Thread#13"                    [id=6772, stack(0x000000c90de00000,0x000000c90df00000) (1024K)]
  0x000002bcc39a8640 WorkerThread "GC Thread#14"                    [id=3340, stack(0x000000c90df00000,0x000000c90e000000) (1024K)]
  0x000002bc83cf6130 ConcurrentGCThread "G1 Main Marker"            [id=15660, stack(0x000000c90b000000,0x000000c90b100000) (1024K)]
  0x000002bc83cf81a0 WorkerThread "G1 Conc#0"                       [id=6504, stack(0x000000c90b100000,0x000000c90b200000) (1024K)]
  0x000002bcc39a9500 WorkerThread "G1 Conc#1"                       [id=11996, stack(0x000000c90e000000,0x000000c90e100000) (1024K)]
  0x000002bcc39aa3c0 WorkerThread "G1 Conc#2"                       [id=26032, stack(0x000000c90e100000,0x000000c90e200000) (1024K)]
  0x000002bcc39a9c60 WorkerThread "G1 Conc#3"                       [id=23992, stack(0x000000c90e200000,0x000000c90e300000) (1024K)]
  0x000002bca17220b0 ConcurrentGCThread "G1 Refine#0"               [id=11088, stack(0x000000c90b200000,0x000000c90b300000) (1024K)]
  0x000002bca17229e0 ConcurrentGCThread "G1 Service"                [id=11940, stack(0x000000c90b300000,0x000000c90b400000) (1024K)]
Total: 24

Threads with active compile tasks:
C2 CompilerThread0    93347 55119       4       com.android.tools.r8.ir.optimize.s::a (167 bytes)
C2 CompilerThread1    93347 55114       4       com.android.tools.r8.internal.nB::a (38 bytes)
C2 CompilerThread2    93347 55091 %     4       com.android.tools.r8.internal.nB::a @ 281 (3928 bytes)
Total: 3

VM state: at safepoint (normal execution)

VM Mutex/Monitor currently owned by a thread:  ([mutex/lock_event])
[0x00007ff90a8a9f10] Threads_lock - owner thread: 0x000002bca185cda0
[0x00007ff90a8aa010] Heap_lock - owner thread: 0x000002bc83cf6130

Heap address: 0x0000000080000000, size: 2048 MB, Compressed Oops mode: 32-bit

CDS archive(s) mapped at: [0x000002bca2000000-0x000002bca2c90000-0x000002bca2c90000), size 13172736, SharedBaseAddress: 0x000002bca2000000, ArchiveRelocationMode: 1.
Compressed class space mapped at: 0x000002bca3000000-0x000002bcbd000000, reserved size: 436207616
Narrow klass base: 0x000002bca2000000, Narrow klass shift: 0, Narrow klass range: 0x100000000

GC Precious Log:
 CardTable entry size: 512
 Card Set container configuration: InlinePtr #cards 5 size 8 Array Of Cards #cards 12 size 40 Howl #buckets 4 coarsen threshold 1843 Howl Bitmap #cards 512 size 80 coarsen threshold 460 Card regions per heap region 1 cards per card region 2048
 CPUs: 20 total, 20 available
 Memory: 32535M
 Large Page Support: Disabled
 NUMA Support: Disabled
 Compressed Oops: Enabled (32-bit)
 Heap Region Size: 1M
 Heap Min Capacity: 8M
 Heap Initial Capacity: 510M
 Heap Max Capacity: 2G
 Pre-touch: Disabled
 Parallel Workers: 15
 Concurrent Workers: 4
 Concurrent Refinement Workers: 15
 Periodic GC: Disabled

Heap:
 garbage-first heap   total 1166336K, used 909312K [0x0000000080000000, 0x0000000100000000)
  region size 1024K, 212 young (217088K), 39 survivors (39936K)
 Metaspace       used 291226K, committed 296896K, reserved 688128K
  class space    used 37361K, committed 39936K, reserved 425984K

Heap Regions: E=young(eden), S=young(survivor), O=old, HS=humongous(starts), HC=humongous(continues), CS=collection set, F=free, TAMS=top-at-mark-start, PB=parsable bottom
|   0|0x0000000080000000, 0x0000000080100000, 0x0000000080100000|100%|HS|  |TAMS 0x0000000080100000| PB 0x0000000080000000| Complete 
|   1|0x0000000080100000, 0x0000000080200000, 0x0000000080200000|100%|HC|  |TAMS 0x0000000080200000| PB 0x0000000080100000| Complete 
|   2|0x0000000080200000, 0x0000000080300000, 0x0000000080300000|100%|HC|  |TAMS 0x0000000080300000| PB 0x0000000080200000| Complete 
|   3|0x0000000080300000, 0x0000000080400000, 0x0000000080400000|100%| O|  |TAMS 0x0000000080400000| PB 0x0000000080400000| Untracked 
|   4|0x0000000080400000, 0x0000000080500000, 0x0000000080500000|100%| O|  |TAMS 0x0000000080500000| PB 0x0000000080500000| Untracked 
|   5|0x0000000080500000, 0x0000000080600000, 0x0000000080600000|100%|HS|  |TAMS 0x0000000080600000| PB 0x0000000080500000| Complete 
|   6|0x0000000080600000, 0x0000000080700000, 0x0000000080700000|100%| O|  |TAMS 0x0000000080700000| PB 0x0000000080700000| Untracked 
|   7|0x0000000080700000, 0x0000000080800000, 0x0000000080800000|100%| O|  |TAMS 0x0000000080800000| PB 0x0000000080800000| Untracked 
|   8|0x0000000080800000, 0x0000000080900000, 0x0000000080900000|100%| O|  |TAMS 0x0000000080900000| PB 0x0000000080900000| Untracked 
|   9|0x0000000080900000, 0x0000000080a00000, 0x0000000080a00000|100%| O|  |TAMS 0x0000000080a00000| PB 0x0000000080a00000| Untracked 
|  10|0x0000000080a00000, 0x0000000080b00000, 0x0000000080b00000|100%| O|  |TAMS 0x0000000080b00000| PB 0x0000000080b00000| Untracked 
|  11|0x0000000080b00000, 0x0000000080c00000, 0x0000000080c00000|100%| O|  |TAMS 0x0000000080c00000| PB 0x0000000080c00000| Updating 
|  12|0x0000000080c00000, 0x0000000080d00000, 0x0000000080d00000|100%| O|  |TAMS 0x0000000080d00000| PB 0x0000000080d00000| Untracked 
|  13|0x0000000080d00000, 0x0000000080e00000, 0x0000000080e00000|100%| O|  |TAMS 0x0000000080e00000| PB 0x0000000080e00000| Untracked 
|  14|0x0000000080e00000, 0x0000000080f00000, 0x0000000080f00000|100%| O|  |TAMS 0x0000000080f00000| PB 0x0000000080f00000| Untracked 
|  15|0x0000000080f00000, 0x0000000081000000, 0x0000000081000000|100%| O|  |TAMS 0x0000000081000000| PB 0x0000000081000000| Untracked 
|  16|0x0000000081000000, 0x0000000081100000, 0x0000000081100000|100%| O|  |TAMS 0x0000000081100000| PB 0x0000000081100000| Untracked 
|  17|0x0000000081100000, 0x0000000081200000, 0x0000000081200000|100%| O|  |TAMS 0x0000000081200000| PB 0x0000000081200000| Untracked 
|  18|0x0000000081200000, 0x0000000081300000, 0x0000000081300000|100%| O|  |TAMS 0x0000000081300000| PB 0x0000000081300000| Untracked 
|  19|0x0000000081300000, 0x0000000081400000, 0x0000000081400000|100%| O|  |TAMS 0x0000000081400000| PB 0x0000000081400000| Untracked 
|  20|0x0000000081400000, 0x0000000081500000, 0x0000000081500000|100%| O|  |TAMS 0x0000000081500000| PB 0x0000000081500000| Untracked 
|  21|0x0000000081500000, 0x0000000081600000, 0x0000000081600000|100%| O|  |TAMS 0x0000000081600000| PB 0x0000000081600000| Untracked 
|  22|0x0000000081600000, 0x0000000081700000, 0x0000000081700000|100%| O|  |TAMS 0x0000000081700000| PB 0x0000000081700000| Untracked 
|  23|0x0000000081700000, 0x0000000081800000, 0x0000000081800000|100%| O|  |TAMS 0x0000000081800000| PB 0x0000000081800000| Untracked 
|  24|0x0000000081800000, 0x0000000081900000, 0x0000000081900000|100%| O|  |TAMS 0x0000000081900000| PB 0x0000000081900000| Untracked 
|  25|0x0000000081900000, 0x0000000081a00000, 0x0000000081a00000|100%| O|  |TAMS 0x0000000081a00000| PB 0x0000000081a00000| Untracked 
|  26|0x0000000081a00000, 0x0000000081b00000, 0x0000000081b00000|100%| O|  |TAMS 0x0000000081b00000| PB 0x0000000081b00000| Untracked 
|  27|0x0000000081b00000, 0x0000000081c00000, 0x0000000081c00000|100%| O|  |TAMS 0x0000000081c00000| PB 0x0000000081c00000| Untracked 
|  28|0x0000000081c00000, 0x0000000081d00000, 0x0000000081d00000|100%| O|  |TAMS 0x0000000081d00000| PB 0x0000000081d00000| Updating 
|  29|0x0000000081d00000, 0x0000000081e00000, 0x0000000081e00000|100%| O|  |TAMS 0x0000000081e00000| PB 0x0000000081e00000| Untracked 
|  30|0x0000000081e00000, 0x0000000081f00000, 0x0000000081f00000|100%| O|  |TAMS 0x0000000081f00000| PB 0x0000000081f00000| Updating 
|  31|0x0000000081f00000, 0x0000000082000000, 0x0000000082000000|100%| O|  |TAMS 0x0000000082000000| PB 0x0000000082000000| Untracked 
|  32|0x0000000082000000, 0x0000000082100000, 0x0000000082100000|100%| O|  |TAMS 0x0000000082100000| PB 0x0000000082100000| Updating 
|  33|0x0000000082100000, 0x0000000082200000, 0x0000000082200000|100%| O|  |TAMS 0x0000000082200000| PB 0x0000000082200000| Untracked 
|  34|0x0000000082200000, 0x0000000082300000, 0x0000000082300000|100%| O|  |TAMS 0x0000000082300000| PB 0x0000000082300000| Untracked 
|  35|0x0000000082300000, 0x0000000082400000, 0x0000000082400000|100%|HS|  |TAMS 0x0000000082400000| PB 0x0000000082300000| Complete 
|  36|0x0000000082400000, 0x0000000082500000, 0x0000000082500000|100%|HC|  |TAMS 0x0000000082500000| PB 0x0000000082400000| Complete 
|  37|0x0000000082500000, 0x0000000082600000, 0x0000000082600000|100%|HC|  |TAMS 0x0000000082600000| PB 0x0000000082500000| Complete 
|  38|0x0000000082600000, 0x0000000082700000, 0x0000000082700000|100%|HS|  |TAMS 0x0000000082700000| PB 0x0000000082600000| Complete 
|  39|0x0000000082700000, 0x0000000082800000, 0x0000000082800000|100%|HC|  |TAMS 0x0000000082800000| PB 0x0000000082700000| Complete 
|  40|0x0000000082800000, 0x0000000082900000, 0x0000000082900000|100%|HC|  |TAMS 0x0000000082900000| PB 0x0000000082800000| Complete 
|  41|0x0000000082900000, 0x0000000082a00000, 0x0000000082a00000|100%| O|  |TAMS 0x0000000082a00000| PB 0x0000000082a00000| Untracked 
|  42|0x0000000082a00000, 0x0000000082b00000, 0x0000000082b00000|100%| O|  |TAMS 0x0000000082b00000| PB 0x0000000082b00000| Untracked 
|  43|0x0000000082b00000, 0x0000000082c00000, 0x0000000082c00000|100%| O|  |TAMS 0x0000000082c00000| PB 0x0000000082c00000| Untracked 
|  44|0x0000000082c00000, 0x0000000082d00000, 0x0000000082d00000|100%| O|  |TAMS 0x0000000082d00000| PB 0x0000000082d00000| Untracked 
|  45|0x0000000082d00000, 0x0000000082e00000, 0x0000000082e00000|100%| O|  |TAMS 0x0000000082e00000| PB 0x0000000082e00000| Untracked 
|  46|0x0000000082e00000, 0x0000000082f00000, 0x0000000082f00000|100%| O|  |TAMS 0x0000000082f00000| PB 0x0000000082f00000| Untracked 
|  47|0x0000000082f00000, 0x0000000083000000, 0x0000000083000000|100%| O|  |TAMS 0x0000000083000000| PB 0x0000000083000000| Untracked 
|  48|0x0000000083000000, 0x0000000083100000, 0x0000000083100000|100%| O|  |TAMS 0x0000000083100000| PB 0x0000000083100000| Untracked 
|  49|0x0000000083100000, 0x0000000083200000, 0x0000000083200000|100%| O|  |TAMS 0x0000000083200000| PB 0x0000000083200000| Untracked 
|  50|0x0000000083200000, 0x0000000083300000, 0x0000000083300000|100%| O|  |TAMS 0x0000000083300000| PB 0x0000000083300000| Updating 
|  51|0x0000000083300000, 0x0000000083400000, 0x0000000083400000|100%| O|  |TAMS 0x0000000083400000| PB 0x0000000083400000| Updating 
|  52|0x0000000083400000, 0x0000000083500000, 0x0000000083500000|100%| O|  |TAMS 0x0000000083500000| PB 0x0000000083500000| Untracked 
|  53|0x0000000083500000, 0x0000000083600000, 0x0000000083600000|100%| O|  |TAMS 0x0000000083600000| PB 0x0000000083600000| Untracked 
|  54|0x0000000083600000, 0x0000000083700000, 0x0000000083700000|100%| O|  |TAMS 0x0000000083700000| PB 0x0000000083700000| Updating 
|  55|0x0000000083700000, 0x0000000083800000, 0x0000000083800000|100%| O|  |TAMS 0x0000000083800000| PB 0x0000000083800000| Untracked 
|  56|0x0000000083800000, 0x0000000083900000, 0x0000000083900000|100%| O|  |TAMS 0x0000000083900000| PB 0x0000000083900000| Untracked 
|  57|0x0000000083900000, 0x0000000083a00000, 0x0000000083a00000|100%| O|  |TAMS 0x0000000083a00000| PB 0x0000000083a00000| Untracked 
|  58|0x0000000083a00000, 0x0000000083b00000, 0x0000000083b00000|100%| O|  |TAMS 0x0000000083b00000| PB 0x0000000083b00000| Untracked 
|  59|0x0000000083b00000, 0x0000000083c00000, 0x0000000083c00000|100%| O|  |TAMS 0x0000000083c00000| PB 0x0000000083c00000| Untracked 
|  60|0x0000000083c00000, 0x0000000083d00000, 0x0000000083d00000|100%| O|  |TAMS 0x0000000083d00000| PB 0x0000000083d00000| Untracked 
|  61|0x0000000083d00000, 0x0000000083e00000, 0x0000000083e00000|100%| O|  |TAMS 0x0000000083e00000| PB 0x0000000083e00000| Untracked 
|  62|0x0000000083e00000, 0x0000000083f00000, 0x0000000083f00000|100%| O|  |TAMS 0x0000000083f00000| PB 0x0000000083f00000| Updating 
|  63|0x0000000083f00000, 0x0000000084000000, 0x0000000084000000|100%| O|  |TAMS 0x0000000084000000| PB 0x0000000084000000| Updating 
|  64|0x0000000084000000, 0x0000000084100000, 0x0000000084100000|100%| O|  |TAMS 0x0000000084100000| PB 0x0000000084100000| Untracked 
|  65|0x0000000084100000, 0x0000000084200000, 0x0000000084200000|100%| O|  |TAMS 0x0000000084200000| PB 0x0000000084200000| Updating 
|  66|0x0000000084200000, 0x0000000084300000, 0x0000000084300000|100%| O|  |TAMS 0x0000000084300000| PB 0x0000000084300000| Untracked 
|  67|0x0000000084300000, 0x0000000084400000, 0x0000000084400000|100%| O|  |TAMS 0x0000000084400000| PB 0x0000000084400000| Updating 
|  68|0x0000000084400000, 0x0000000084500000, 0x0000000084500000|100%| O|  |TAMS 0x0000000084500000| PB 0x0000000084500000| Updating 
|  69|0x0000000084500000, 0x0000000084600000, 0x0000000084600000|100%| O|  |TAMS 0x0000000084600000| PB 0x0000000084600000| Updating 
|  70|0x0000000084600000, 0x0000000084700000, 0x0000000084700000|100%| O|  |TAMS 0x0000000084700000| PB 0x0000000084700000| Untracked 
|  71|0x0000000084700000, 0x0000000084800000, 0x0000000084800000|100%| O|  |TAMS 0x0000000084800000| PB 0x0000000084800000| Untracked 
|  72|0x0000000084800000, 0x0000000084900000, 0x0000000084900000|100%| O|  |TAMS 0x0000000084900000| PB 0x0000000084900000| Untracked 
|  73|0x0000000084900000, 0x0000000084a00000, 0x0000000084a00000|100%| O|  |TAMS 0x0000000084a00000| PB 0x0000000084a00000| Untracked 
|  74|0x0000000084a00000, 0x0000000084b00000, 0x0000000084b00000|100%| O|  |TAMS 0x0000000084b00000| PB 0x0000000084b00000| Updating 
|  75|0x0000000084b00000, 0x0000000084c00000, 0x0000000084c00000|100%| O|  |TAMS 0x0000000084c00000| PB 0x0000000084c00000| Untracked 
|  76|0x0000000084c00000, 0x0000000084d00000, 0x0000000084d00000|100%| O|  |TAMS 0x0000000084d00000| PB 0x0000000084d00000| Untracked 
|  77|0x0000000084d00000, 0x0000000084e00000, 0x0000000084e00000|100%| O|  |TAMS 0x0000000084e00000| PB 0x0000000084e00000| Untracked 
|  78|0x0000000084e00000, 0x0000000084f00000, 0x0000000084f00000|100%| O|  |TAMS 0x0000000084f00000| PB 0x0000000084f00000| Untracked 
|  79|0x0000000084f00000, 0x0000000085000000, 0x0000000085000000|100%| O|  |TAMS 0x0000000085000000| PB 0x0000000085000000| Untracked 
|  80|0x0000000085000000, 0x0000000085100000, 0x0000000085100000|100%|HS|  |TAMS 0x0000000085100000| PB 0x0000000085000000| Complete 
|  81|0x0000000085100000, 0x0000000085200000, 0x0000000085200000|100%| O|  |TAMS 0x0000000085200000| PB 0x0000000085200000| Updating 
|  82|0x0000000085200000, 0x0000000085300000, 0x0000000085300000|100%| O|  |TAMS 0x0000000085300000| PB 0x0000000085300000| Updating 
|  83|0x0000000085300000, 0x0000000085400000, 0x0000000085400000|100%| O|  |TAMS 0x0000000085400000| PB 0x0000000085400000| Untracked 
|  84|0x0000000085400000, 0x0000000085500000, 0x0000000085500000|100%| O|  |TAMS 0x0000000085500000| PB 0x0000000085500000| Untracked 
|  85|0x0000000085500000, 0x0000000085600000, 0x0000000085600000|100%| O|  |TAMS 0x0000000085600000| PB 0x0000000085600000| Untracked 
|  86|0x0000000085600000, 0x0000000085700000, 0x0000000085700000|100%| O|  |TAMS 0x0000000085700000| PB 0x0000000085700000| Updating 
|  87|0x0000000085700000, 0x0000000085800000, 0x0000000085800000|100%| O|  |TAMS 0x0000000085800000| PB 0x0000000085800000| Updating 
|  88|0x0000000085800000, 0x0000000085900000, 0x0000000085900000|100%| O|  |TAMS 0x0000000085900000| PB 0x0000000085900000| Updating 
|  89|0x0000000085900000, 0x0000000085a00000, 0x0000000085a00000|100%| O|  |TAMS 0x0000000085a00000| PB 0x0000000085a00000| Updating 
|  90|0x0000000085a00000, 0x0000000085b00000, 0x0000000085b00000|100%| O|  |TAMS 0x0000000085b00000| PB 0x0000000085b00000| Updating 
|  91|0x0000000085b00000, 0x0000000085c00000, 0x0000000085c00000|100%| O|  |TAMS 0x0000000085c00000| PB 0x0000000085c00000| Updating 
|  92|0x0000000085c00000, 0x0000000085d00000, 0x0000000085d00000|100%| O|  |TAMS 0x0000000085d00000| PB 0x0000000085d00000| Updating 
|  93|0x0000000085d00000, 0x0000000085e00000, 0x0000000085e00000|100%|HS|  |TAMS 0x0000000085e00000| PB 0x0000000085d00000| Complete 
|  94|0x0000000085e00000, 0x0000000085f00000, 0x0000000085f00000|100%|HS|  |TAMS 0x0000000085f00000| PB 0x0000000085e00000| Complete 
|  95|0x0000000085f00000, 0x0000000086000000, 0x0000000086000000|100%|HS|  |TAMS 0x0000000086000000| PB 0x0000000085f00000| Complete 
|  96|0x0000000086000000, 0x0000000086100000, 0x0000000086100000|100%| O|  |TAMS 0x0000000086100000| PB 0x0000000086100000| Untracked 
|  97|0x0000000086100000, 0x0000000086200000, 0x0000000086200000|100%|HS|  |TAMS 0x0000000086200000| PB 0x0000000086100000| Complete 
|  98|0x0000000086200000, 0x0000000086300000, 0x0000000086300000|100%|HS|  |TAMS 0x0000000086300000| PB 0x0000000086200000| Complete 
|  99|0x0000000086300000, 0x0000000086400000, 0x0000000086400000|100%| O|  |TAMS 0x0000000086400000| PB 0x0000000086400000| Updating 
| 100|0x0000000086400000, 0x0000000086500000, 0x0000000086500000|100%| O|  |TAMS 0x0000000086500000| PB 0x0000000086500000| Updating 
| 101|0x0000000086500000, 0x0000000086600000, 0x0000000086600000|100%| O|  |TAMS 0x0000000086600000| PB 0x0000000086600000| Updating 
| 102|0x0000000086600000, 0x0000000086700000, 0x0000000086700000|100%| O|  |TAMS 0x0000000086700000| PB 0x0000000086700000| Untracked 
| 103|0x0000000086700000, 0x0000000086800000, 0x0000000086800000|100%| O|  |TAMS 0x0000000086800000| PB 0x0000000086800000| Untracked 
| 104|0x0000000086800000, 0x0000000086900000, 0x0000000086900000|100%| O|  |TAMS 0x0000000086900000| PB 0x0000000086900000| Updating 
| 105|0x0000000086900000, 0x0000000086a00000, 0x0000000086a00000|100%| O|  |TAMS 0x0000000086a00000| PB 0x0000000086a00000| Untracked 
| 106|0x0000000086a00000, 0x0000000086b00000, 0x0000000086b00000|100%|HS|  |TAMS 0x0000000086b00000| PB 0x0000000086a00000| Complete 
| 107|0x0000000086b00000, 0x0000000086c00000, 0x0000000086c00000|100%| O|  |TAMS 0x0000000086c00000| PB 0x0000000086c00000| Updating 
| 108|0x0000000086c00000, 0x0000000086d00000, 0x0000000086d00000|100%| O|  |TAMS 0x0000000086d00000| PB 0x0000000086d00000| Untracked 
| 109|0x0000000086d00000, 0x0000000086e00000, 0x0000000086e00000|100%|HS|  |TAMS 0x0000000086e00000| PB 0x0000000086d00000| Complete 
| 110|0x0000000086e00000, 0x0000000086f00000, 0x0000000086f00000|100%|HC|  |TAMS 0x0000000086f00000| PB 0x0000000086e00000| Complete 
| 111|0x0000000086f00000, 0x0000000087000000, 0x0000000087000000|100%|HC|  |TAMS 0x0000000087000000| PB 0x0000000086f00000| Complete 
| 112|0x0000000087000000, 0x0000000087100000, 0x0000000087100000|100%| O|  |TAMS 0x0000000087100000| PB 0x0000000087100000| Untracked 
| 113|0x0000000087100000, 0x0000000087200000, 0x0000000087200000|100%| O|  |TAMS 0x0000000087200000| PB 0x0000000087200000| Untracked 
| 114|0x0000000087200000, 0x0000000087300000, 0x0000000087300000|100%| O|  |TAMS 0x0000000087300000| PB 0x0000000087300000| Untracked 
| 115|0x0000000087300000, 0x0000000087400000, 0x0000000087400000|100%| O|  |TAMS 0x0000000087400000| PB 0x0000000087400000| Untracked 
| 116|0x0000000087400000, 0x0000000087500000, 0x0000000087500000|100%| O|  |TAMS 0x0000000087500000| PB 0x0000000087500000| Updating 
| 117|0x0000000087500000, 0x0000000087600000, 0x0000000087600000|100%| O|  |TAMS 0x0000000087600000| PB 0x0000000087600000| Updating 
| 118|0x0000000087600000, 0x0000000087700000, 0x0000000087700000|100%| O|  |TAMS 0x0000000087700000| PB 0x0000000087700000| Untracked 
| 119|0x0000000087700000, 0x0000000087800000, 0x0000000087800000|100%| O|  |TAMS 0x0000000087800000| PB 0x0000000087800000| Untracked 
| 120|0x0000000087800000, 0x0000000087900000, 0x0000000087900000|100%| O|  |TAMS 0x0000000087900000| PB 0x0000000087900000| Updating 
| 121|0x0000000087900000, 0x0000000087a00000, 0x0000000087a00000|100%| O|  |TAMS 0x0000000087a00000| PB 0x0000000087a00000| Updating 
| 122|0x0000000087a00000, 0x0000000087b00000, 0x0000000087b00000|100%| O|  |TAMS 0x0000000087b00000| PB 0x0000000087b00000| Updating 
| 123|0x0000000087b00000, 0x0000000087c00000, 0x0000000087c00000|100%| O|  |TAMS 0x0000000087c00000| PB 0x0000000087c00000| Untracked 
| 124|0x0000000087c00000, 0x0000000087d00000, 0x0000000087d00000|100%| O|  |TAMS 0x0000000087d00000| PB 0x0000000087d00000| Untracked 
| 125|0x0000000087d00000, 0x0000000087e00000, 0x0000000087e00000|100%| O|  |TAMS 0x0000000087e00000| PB 0x0000000087e00000| Untracked 
| 126|0x0000000087e00000, 0x0000000087f00000, 0x0000000087f00000|100%| O|  |TAMS 0x0000000087f00000| PB 0x0000000087f00000| Untracked 
| 127|0x0000000087f00000, 0x0000000088000000, 0x0000000088000000|100%| O|  |TAMS 0x0000000088000000| PB 0x0000000088000000| Updating 
| 128|0x0000000088000000, 0x0000000088100000, 0x0000000088100000|100%| O|  |TAMS 0x0000000088100000| PB 0x0000000088100000| Untracked 
| 129|0x0000000088100000, 0x0000000088200000, 0x0000000088200000|100%| O|  |TAMS 0x0000000088200000| PB 0x0000000088200000| Untracked 
| 130|0x0000000088200000, 0x0000000088300000, 0x0000000088300000|100%| O|  |TAMS 0x0000000088300000| PB 0x0000000088300000| Untracked 
| 131|0x0000000088300000, 0x0000000088400000, 0x0000000088400000|100%| O|  |TAMS 0x0000000088400000| PB 0x0000000088400000| Untracked 
| 132|0x0000000088400000, 0x0000000088500000, 0x0000000088500000|100%| O|  |TAMS 0x0000000088500000| PB 0x0000000088500000| Updating 
| 133|0x0000000088500000, 0x0000000088600000, 0x0000000088600000|100%| O|  |TAMS 0x0000000088600000| PB 0x0000000088600000| Updating 
| 134|0x0000000088600000, 0x0000000088700000, 0x0000000088700000|100%| O|  |TAMS 0x0000000088700000| PB 0x0000000088700000| Untracked 
| 135|0x0000000088700000, 0x0000000088800000, 0x0000000088800000|100%| O|  |TAMS 0x0000000088800000| PB 0x0000000088800000| Untracked 
| 136|0x0000000088800000, 0x0000000088900000, 0x0000000088900000|100%| O|  |TAMS 0x0000000088900000| PB 0x0000000088900000| Untracked 
| 137|0x0000000088900000, 0x0000000088a00000, 0x0000000088a00000|100%| O|  |TAMS 0x0000000088a00000| PB 0x0000000088a00000| Untracked 
| 138|0x0000000088a00000, 0x0000000088b00000, 0x0000000088b00000|100%| O|  |TAMS 0x0000000088b00000| PB 0x0000000088b00000| Untracked 
| 139|0x0000000088b00000, 0x0000000088c00000, 0x0000000088c00000|100%| O|  |TAMS 0x0000000088c00000| PB 0x0000000088c00000| Untracked 
| 140|0x0000000088c00000, 0x0000000088d00000, 0x0000000088d00000|100%| O|  |TAMS 0x0000000088d00000| PB 0x0000000088d00000| Untracked 
| 141|0x0000000088d00000, 0x0000000088e00000, 0x0000000088e00000|100%| O|  |TAMS 0x0000000088e00000| PB 0x0000000088e00000| Untracked 
| 142|0x0000000088e00000, 0x0000000088f00000, 0x0000000088f00000|100%| O|  |TAMS 0x0000000088f00000| PB 0x0000000088f00000| Untracked 
| 143|0x0000000088f00000, 0x0000000089000000, 0x0000000089000000|100%| O|  |TAMS 0x0000000089000000| PB 0x0000000089000000| Untracked 
| 144|0x0000000089000000, 0x0000000089100000, 0x0000000089100000|100%| O|  |TAMS 0x0000000089100000| PB 0x0000000089100000| Untracked 
| 145|0x0000000089100000, 0x0000000089200000, 0x0000000089200000|100%| O|  |TAMS 0x0000000089200000| PB 0x0000000089200000| Untracked 
| 146|0x0000000089200000, 0x0000000089300000, 0x0000000089300000|100%| O|  |TAMS 0x0000000089300000| PB 0x0000000089300000| Untracked 
| 147|0x0000000089300000, 0x0000000089400000, 0x0000000089400000|100%| O|  |TAMS 0x0000000089400000| PB 0x0000000089400000| Untracked 
| 148|0x0000000089400000, 0x0000000089500000, 0x0000000089500000|100%| O|  |TAMS 0x0000000089500000| PB 0x0000000089500000| Untracked 
| 149|0x0000000089500000, 0x0000000089600000, 0x0000000089600000|100%| O|  |TAMS 0x0000000089600000| PB 0x0000000089600000| Untracked 
| 150|0x0000000089600000, 0x0000000089700000, 0x0000000089700000|100%| O|  |TAMS 0x0000000089700000| PB 0x0000000089700000| Untracked 
| 151|0x0000000089700000, 0x0000000089800000, 0x0000000089800000|100%| O|  |TAMS 0x0000000089800000| PB 0x0000000089800000| Untracked 
| 152|0x0000000089800000, 0x0000000089900000, 0x0000000089900000|100%| O|  |TAMS 0x0000000089900000| PB 0x0000000089900000| Untracked 
| 153|0x0000000089900000, 0x0000000089a00000, 0x0000000089a00000|100%| O|  |TAMS 0x0000000089a00000| PB 0x0000000089a00000| Untracked 
| 154|0x0000000089a00000, 0x0000000089b00000, 0x0000000089b00000|100%| O|  |TAMS 0x0000000089b00000| PB 0x0000000089b00000| Untracked 
| 155|0x0000000089b00000, 0x0000000089c00000, 0x0000000089c00000|100%| O|  |TAMS 0x0000000089c00000| PB 0x0000000089c00000| Untracked 
| 156|0x0000000089c00000, 0x0000000089d00000, 0x0000000089d00000|100%| O|  |TAMS 0x0000000089d00000| PB 0x0000000089d00000| Untracked 
| 157|0x0000000089d00000, 0x0000000089e00000, 0x0000000089e00000|100%| O|  |TAMS 0x0000000089e00000| PB 0x0000000089e00000| Untracked 
| 158|0x0000000089e00000, 0x0000000089f00000, 0x0000000089f00000|100%| O|  |TAMS 0x0000000089f00000| PB 0x0000000089f00000| Untracked 
| 159|0x0000000089f00000, 0x000000008a000000, 0x000000008a000000|100%| O|  |TAMS 0x000000008a000000| PB 0x000000008a000000| Untracked 
| 160|0x000000008a000000, 0x000000008a100000, 0x000000008a100000|100%| O|  |TAMS 0x000000008a100000| PB 0x000000008a100000| Updating 
| 161|0x000000008a100000, 0x000000008a200000, 0x000000008a200000|100%| O|  |TAMS 0x000000008a200000| PB 0x000000008a200000| Untracked 
| 162|0x000000008a200000, 0x000000008a300000, 0x000000008a300000|100%| O|  |TAMS 0x000000008a300000| PB 0x000000008a300000| Untracked 
| 163|0x000000008a300000, 0x000000008a400000, 0x000000008a400000|100%| O|  |TAMS 0x000000008a400000| PB 0x000000008a400000| Untracked 
| 164|0x000000008a400000, 0x000000008a500000, 0x000000008a500000|100%| O|  |TAMS 0x000000008a500000| PB 0x000000008a500000| Untracked 
| 165|0x000000008a500000, 0x000000008a600000, 0x000000008a600000|100%| O|  |TAMS 0x000000008a600000| PB 0x000000008a600000| Untracked 
| 166|0x000000008a600000, 0x000000008a700000, 0x000000008a700000|100%| O|  |TAMS 0x000000008a700000| PB 0x000000008a700000| Updating 
| 167|0x000000008a700000, 0x000000008a800000, 0x000000008a800000|100%| O|  |TAMS 0x000000008a800000| PB 0x000000008a800000| Untracked 
| 168|0x000000008a800000, 0x000000008a900000, 0x000000008a900000|100%| O|  |TAMS 0x000000008a900000| PB 0x000000008a900000| Updating 
| 169|0x000000008a900000, 0x000000008aa00000, 0x000000008aa00000|100%| O|  |TAMS 0x000000008aa00000| PB 0x000000008aa00000| Updating 
| 170|0x000000008aa00000, 0x000000008ab00000, 0x000000008ab00000|100%| O|  |TAMS 0x000000008ab00000| PB 0x000000008ab00000| Untracked 
| 171|0x000000008ab00000, 0x000000008ac00000, 0x000000008ac00000|100%| O|  |TAMS 0x000000008ac00000| PB 0x000000008ac00000| Untracked 
| 172|0x000000008ac00000, 0x000000008ad00000, 0x000000008ad00000|100%| O|  |TAMS 0x000000008ad00000| PB 0x000000008ad00000| Untracked 
| 173|0x000000008ad00000, 0x000000008ae00000, 0x000000008ae00000|100%| O|  |TAMS 0x000000008ae00000| PB 0x000000008ae00000| Untracked 
| 174|0x000000008ae00000, 0x000000008af00000, 0x000000008af00000|100%| O|  |TAMS 0x000000008af00000| PB 0x000000008af00000| Untracked 
| 175|0x000000008af00000, 0x000000008b000000, 0x000000008b000000|100%| O|  |TAMS 0x000000008b000000| PB 0x000000008b000000| Untracked 
| 176|0x000000008b000000, 0x000000008b100000, 0x000000008b100000|100%| O|  |TAMS 0x000000008b100000| PB 0x000000008b100000| Untracked 
| 177|0x000000008b100000, 0x000000008b200000, 0x000000008b200000|100%| O|  |TAMS 0x000000008b200000| PB 0x000000008b200000| Untracked 
| 178|0x000000008b200000, 0x000000008b300000, 0x000000008b300000|100%| O|  |TAMS 0x000000008b300000| PB 0x000000008b300000| Updating 
| 179|0x000000008b300000, 0x000000008b400000, 0x000000008b400000|100%| O|  |TAMS 0x000000008b400000| PB 0x000000008b400000| Untracked 
| 180|0x000000008b400000, 0x000000008b500000, 0x000000008b500000|100%| O|  |TAMS 0x000000008b500000| PB 0x000000008b500000| Untracked 
| 181|0x000000008b500000, 0x000000008b600000, 0x000000008b600000|100%| O|  |TAMS 0x000000008b600000| PB 0x000000008b600000| Untracked 
| 182|0x000000008b600000, 0x000000008b700000, 0x000000008b700000|100%| O|  |TAMS 0x000000008b700000| PB 0x000000008b700000| Untracked 
| 183|0x000000008b700000, 0x000000008b800000, 0x000000008b800000|100%| O|  |TAMS 0x000000008b800000| PB 0x000000008b800000| Untracked 
| 184|0x000000008b800000, 0x000000008b900000, 0x000000008b900000|100%| O|  |TAMS 0x000000008b900000| PB 0x000000008b900000| Untracked 
| 185|0x000000008b900000, 0x000000008ba00000, 0x000000008ba00000|100%| O|  |TAMS 0x000000008ba00000| PB 0x000000008ba00000| Untracked 
| 186|0x000000008ba00000, 0x000000008bb00000, 0x000000008bb00000|100%| O|  |TAMS 0x000000008bb00000| PB 0x000000008bb00000| Updating 
| 187|0x000000008bb00000, 0x000000008bc00000, 0x000000008bc00000|100%| O|  |TAMS 0x000000008bc00000| PB 0x000000008bc00000| Untracked 
| 188|0x000000008bc00000, 0x000000008bd00000, 0x000000008bd00000|100%| O|  |TAMS 0x000000008bd00000| PB 0x000000008bd00000| Untracked 
| 189|0x000000008bd00000, 0x000000008be00000, 0x000000008be00000|100%|HS|  |TAMS 0x000000008be00000| PB 0x000000008bd00000| Complete 
| 190|0x000000008be00000, 0x000000008bf00000, 0x000000008bf00000|100%|HS|  |TAMS 0x000000008bf00000| PB 0x000000008be00000| Complete 
| 191|0x000000008bf00000, 0x000000008c000000, 0x000000008c000000|100%|HS|  |TAMS 0x000000008c000000| PB 0x000000008bf00000| Complete 
| 192|0x000000008c000000, 0x000000008c100000, 0x000000008c100000|100%| O|  |TAMS 0x000000008c100000| PB 0x000000008c100000| Untracked 
| 193|0x000000008c100000, 0x000000008c200000, 0x000000008c200000|100%| O|  |TAMS 0x000000008c200000| PB 0x000000008c200000| Untracked 
| 194|0x000000008c200000, 0x000000008c300000, 0x000000008c300000|100%| O|  |TAMS 0x000000008c300000| PB 0x000000008c300000| Updating 
| 195|0x000000008c300000, 0x000000008c400000, 0x000000008c400000|100%| O|  |TAMS 0x000000008c400000| PB 0x000000008c400000| Untracked 
| 196|0x000000008c400000, 0x000000008c500000, 0x000000008c500000|100%| O|  |TAMS 0x000000008c500000| PB 0x000000008c500000| Untracked 
| 197|0x000000008c500000, 0x000000008c600000, 0x000000008c600000|100%| O|  |TAMS 0x000000008c600000| PB 0x000000008c600000| Untracked 
| 198|0x000000008c600000, 0x000000008c700000, 0x000000008c700000|100%|HS|  |TAMS 0x000000008c700000| PB 0x000000008c600000| Complete 
| 199|0x000000008c700000, 0x000000008c800000, 0x000000008c800000|100%|HS|  |TAMS 0x000000008c800000| PB 0x000000008c700000| Complete 
| 200|0x000000008c800000, 0x000000008c900000, 0x000000008c900000|100%|HS|  |TAMS 0x000000008c900000| PB 0x000000008c800000| Complete 
| 201|0x000000008c900000, 0x000000008ca00000, 0x000000008ca00000|100%|HS|  |TAMS 0x000000008ca00000| PB 0x000000008c900000| Complete 
| 202|0x000000008ca00000, 0x000000008cb00000, 0x000000008cb00000|100%| O|  |TAMS 0x000000008cb00000| PB 0x000000008cb00000| Untracked 
| 203|0x000000008cb00000, 0x000000008cc00000, 0x000000008cc00000|100%| O|  |TAMS 0x000000008cc00000| PB 0x000000008cc00000| Untracked 
| 204|0x000000008cc00000, 0x000000008cd00000, 0x000000008cd00000|100%| O|  |TAMS 0x000000008cd00000| PB 0x000000008cd00000| Updating 
| 205|0x000000008cd00000, 0x000000008ce00000, 0x000000008ce00000|100%|HS|  |TAMS 0x000000008ce00000| PB 0x000000008cd00000| Complete 
| 206|0x000000008ce00000, 0x000000008cf00000, 0x000000008cf00000|100%| O|  |TAMS 0x000000008cf00000| PB 0x000000008cf00000| Untracked 
| 207|0x000000008cf00000, 0x000000008d000000, 0x000000008d000000|100%|HS|  |TAMS 0x000000008d000000| PB 0x000000008cf00000| Complete 
| 208|0x000000008d000000, 0x000000008d100000, 0x000000008d100000|100%|HC|  |TAMS 0x000000008d100000| PB 0x000000008d000000| Complete 
| 209|0x000000008d100000, 0x000000008d200000, 0x000000008d200000|100%| O|  |TAMS 0x000000008d200000| PB 0x000000008d200000| Untracked 
| 210|0x000000008d200000, 0x000000008d300000, 0x000000008d300000|100%| O|  |TAMS 0x000000008d300000| PB 0x000000008d300000| Untracked 
| 211|0x000000008d300000, 0x000000008d400000, 0x000000008d400000|100%| O|  |TAMS 0x000000008d400000| PB 0x000000008d400000| Untracked 
| 212|0x000000008d400000, 0x000000008d500000, 0x000000008d500000|100%| O|  |TAMS 0x000000008d500000| PB 0x000000008d500000| Updating 
| 213|0x000000008d500000, 0x000000008d600000, 0x000000008d600000|100%| O|  |TAMS 0x000000008d600000| PB 0x000000008d600000| Untracked 
| 214|0x000000008d600000, 0x000000008d700000, 0x000000008d700000|100%| O|  |TAMS 0x000000008d700000| PB 0x000000008d700000| Updating 
| 215|0x000000008d700000, 0x000000008d800000, 0x000000008d800000|100%| O|  |TAMS 0x000000008d800000| PB 0x000000008d800000| Updating 
| 216|0x000000008d800000, 0x000000008d900000, 0x000000008d900000|100%| O|  |TAMS 0x000000008d900000| PB 0x000000008d900000| Untracked 
| 217|0x000000008d900000, 0x000000008da00000, 0x000000008da00000|100%|HS|  |TAMS 0x000000008da00000| PB 0x000000008d900000| Complete 
| 218|0x000000008da00000, 0x000000008db00000, 0x000000008db00000|100%|HS|  |TAMS 0x000000008db00000| PB 0x000000008da00000| Complete 
| 219|0x000000008db00000, 0x000000008dc00000, 0x000000008dc00000|100%| O|  |TAMS 0x000000008dc00000| PB 0x000000008dc00000| Untracked 
| 220|0x000000008dc00000, 0x000000008dd00000, 0x000000008dd00000|100%| O|  |TAMS 0x000000008dd00000| PB 0x000000008dd00000| Untracked 
| 221|0x000000008dd00000, 0x000000008de00000, 0x000000008de00000|100%| O|  |TAMS 0x000000008de00000| PB 0x000000008de00000| Untracked 
| 222|0x000000008de00000, 0x000000008df00000, 0x000000008df00000|100%| O|  |TAMS 0x000000008df00000| PB 0x000000008df00000| Updating 
| 223|0x000000008df00000, 0x000000008e000000, 0x000000008e000000|100%| O|  |TAMS 0x000000008e000000| PB 0x000000008e000000| Updating 
| 224|0x000000008e000000, 0x000000008e100000, 0x000000008e100000|100%| O|  |TAMS 0x000000008e100000| PB 0x000000008e100000| Updating 
| 225|0x000000008e100000, 0x000000008e200000, 0x000000008e200000|100%| O|  |TAMS 0x000000008e200000| PB 0x000000008e200000| Untracked 
| 226|0x000000008e200000, 0x000000008e300000, 0x000000008e300000|100%| O|  |TAMS 0x000000008e300000| PB 0x000000008e300000| Untracked 
| 227|0x000000008e300000, 0x000000008e400000, 0x000000008e400000|100%| O|  |TAMS 0x000000008e400000| PB 0x000000008e400000| Untracked 
| 228|0x000000008e400000, 0x000000008e500000, 0x000000008e500000|100%| O|  |TAMS 0x000000008e500000| PB 0x000000008e500000| Untracked 
| 229|0x000000008e500000, 0x000000008e600000, 0x000000008e600000|100%| O|  |TAMS 0x000000008e600000| PB 0x000000008e600000| Untracked 
| 230|0x000000008e600000, 0x000000008e700000, 0x000000008e700000|100%| O|  |TAMS 0x000000008e700000| PB 0x000000008e700000| Untracked 
| 231|0x000000008e700000, 0x000000008e800000, 0x000000008e800000|100%| O|  |TAMS 0x000000008e800000| PB 0x000000008e800000| Untracked 
| 232|0x000000008e800000, 0x000000008e900000, 0x000000008e900000|100%| O|  |TAMS 0x000000008e900000| PB 0x000000008e900000| Untracked 
| 233|0x000000008e900000, 0x000000008ea00000, 0x000000008ea00000|100%| O|  |TAMS 0x000000008ea00000| PB 0x000000008ea00000| Untracked 
| 234|0x000000008ea00000, 0x000000008eb00000, 0x000000008eb00000|100%| O|  |TAMS 0x000000008eb00000| PB 0x000000008eb00000| Updating 
| 235|0x000000008eb00000, 0x000000008ec00000, 0x000000008ec00000|100%| O|  |TAMS 0x000000008ec00000| PB 0x000000008ec00000| Untracked 
| 236|0x000000008ec00000, 0x000000008ed00000, 0x000000008ed00000|100%| O|  |TAMS 0x000000008ed00000| PB 0x000000008ed00000| Untracked 
| 237|0x000000008ed00000, 0x000000008ee00000, 0x000000008ee00000|100%| O|  |TAMS 0x000000008ee00000| PB 0x000000008ee00000| Untracked 
| 238|0x000000008ee00000, 0x000000008ef00000, 0x000000008ef00000|100%| O|  |TAMS 0x000000008ef00000| PB 0x000000008ef00000| Untracked 
| 239|0x000000008ef00000, 0x000000008f000000, 0x000000008f000000|100%| O|  |TAMS 0x000000008f000000| PB 0x000000008f000000| Untracked 
| 240|0x000000008f000000, 0x000000008f100000, 0x000000008f100000|100%| O|  |TAMS 0x000000008f100000| PB 0x000000008f100000| Untracked 
| 241|0x000000008f100000, 0x000000008f200000, 0x000000008f200000|100%| O|  |TAMS 0x000000008f200000| PB 0x000000008f200000| Untracked 
| 242|0x000000008f200000, 0x000000008f300000, 0x000000008f300000|100%| O|  |TAMS 0x000000008f300000| PB 0x000000008f300000| Untracked 
| 243|0x000000008f300000, 0x000000008f400000, 0x000000008f400000|100%| O|  |TAMS 0x000000008f400000| PB 0x000000008f400000| Untracked 
| 244|0x000000008f400000, 0x000000008f500000, 0x000000008f500000|100%| O|  |TAMS 0x000000008f500000| PB 0x000000008f500000| Untracked 
| 245|0x000000008f500000, 0x000000008f600000, 0x000000008f600000|100%| O|  |TAMS 0x000000008f600000| PB 0x000000008f600000| Untracked 
| 246|0x000000008f600000, 0x000000008f700000, 0x000000008f700000|100%| O|  |TAMS 0x000000008f700000| PB 0x000000008f700000| Untracked 
| 247|0x000000008f700000, 0x000000008f800000, 0x000000008f800000|100%| O|  |TAMS 0x000000008f800000| PB 0x000000008f800000| Untracked 
| 248|0x000000008f800000, 0x000000008f900000, 0x000000008f900000|100%| O|  |TAMS 0x000000008f900000| PB 0x000000008f900000| Untracked 
| 249|0x000000008f900000, 0x000000008fa00000, 0x000000008fa00000|100%| O|  |TAMS 0x000000008fa00000| PB 0x000000008fa00000| Untracked 
| 250|0x000000008fa00000, 0x000000008fb00000, 0x000000008fb00000|100%| O|  |TAMS 0x000000008fb00000| PB 0x000000008fb00000| Untracked 
| 251|0x000000008fb00000, 0x000000008fc00000, 0x000000008fc00000|100%| O|  |TAMS 0x000000008fc00000| PB 0x000000008fc00000| Updating 
| 252|0x000000008fc00000, 0x000000008fd00000, 0x000000008fd00000|100%| O|  |TAMS 0x000000008fd00000| PB 0x000000008fd00000| Untracked 
| 253|0x000000008fd00000, 0x000000008fe00000, 0x000000008fe00000|100%| O|  |TAMS 0x000000008fe00000| PB 0x000000008fe00000| Untracked 
| 254|0x000000008fe00000, 0x000000008ff00000, 0x000000008ff00000|100%| O|  |TAMS 0x000000008ff00000| PB 0x000000008ff00000| Untracked 
| 255|0x000000008ff00000, 0x0000000090000000, 0x0000000090000000|100%| O|  |TAMS 0x0000000090000000| PB 0x0000000090000000| Untracked 
| 256|0x0000000090000000, 0x0000000090100000, 0x0000000090100000|100%| O|  |TAMS 0x0000000090100000| PB 0x0000000090100000| Untracked 
| 257|0x0000000090100000, 0x0000000090200000, 0x0000000090200000|100%| O|  |TAMS 0x0000000090200000| PB 0x0000000090200000| Untracked 
| 258|0x0000000090200000, 0x0000000090300000, 0x0000000090300000|100%| O|  |TAMS 0x0000000090300000| PB 0x0000000090300000| Untracked 
| 259|0x0000000090300000, 0x0000000090400000, 0x0000000090400000|100%| O|  |TAMS 0x0000000090400000| PB 0x0000000090400000| Untracked 
| 260|0x0000000090400000, 0x0000000090500000, 0x0000000090500000|100%| O|  |TAMS 0x0000000090500000| PB 0x0000000090500000| Untracked 
| 261|0x0000000090500000, 0x0000000090600000, 0x0000000090600000|100%| O|  |TAMS 0x0000000090600000| PB 0x0000000090600000| Untracked 
| 262|0x0000000090600000, 0x0000000090700000, 0x0000000090700000|100%| O|  |TAMS 0x0000000090700000| PB 0x0000000090700000| Untracked 
| 263|0x0000000090700000, 0x0000000090800000, 0x0000000090800000|100%| O|  |TAMS 0x0000000090800000| PB 0x0000000090800000| Updating 
| 264|0x0000000090800000, 0x0000000090900000, 0x0000000090900000|100%| O|  |TAMS 0x0000000090900000| PB 0x0000000090900000| Untracked 
| 265|0x0000000090900000, 0x0000000090a00000, 0x0000000090a00000|100%| O|  |TAMS 0x0000000090a00000| PB 0x0000000090a00000| Updating 
| 266|0x0000000090a00000, 0x0000000090b00000, 0x0000000090b00000|100%| O|  |TAMS 0x0000000090b00000| PB 0x0000000090b00000| Untracked 
| 267|0x0000000090b00000, 0x0000000090c00000, 0x0000000090c00000|100%| O|  |TAMS 0x0000000090c00000| PB 0x0000000090c00000| Untracked 
| 268|0x0000000090c00000, 0x0000000090d00000, 0x0000000090d00000|100%| O|  |TAMS 0x0000000090d00000| PB 0x0000000090d00000| Updating 
| 269|0x0000000090d00000, 0x0000000090e00000, 0x0000000090e00000|100%| O|  |TAMS 0x0000000090e00000| PB 0x0000000090e00000| Updating 
| 270|0x0000000090e00000, 0x0000000090f00000, 0x0000000090f00000|100%| O|  |TAMS 0x0000000090f00000| PB 0x0000000090f00000| Updating 
| 271|0x0000000090f00000, 0x0000000091000000, 0x0000000091000000|100%| O|  |TAMS 0x0000000091000000| PB 0x0000000091000000| Untracked 
| 272|0x0000000091000000, 0x0000000091100000, 0x0000000091100000|100%| O|  |TAMS 0x0000000091100000| PB 0x0000000091100000| Updating 
| 273|0x0000000091100000, 0x0000000091200000, 0x0000000091200000|100%| O|  |TAMS 0x0000000091200000| PB 0x0000000091200000| Untracked 
| 274|0x0000000091200000, 0x0000000091300000, 0x0000000091300000|100%| O|  |TAMS 0x0000000091300000| PB 0x0000000091300000| Untracked 
| 275|0x0000000091300000, 0x0000000091400000, 0x0000000091400000|100%| O|  |TAMS 0x0000000091400000| PB 0x0000000091400000| Untracked 
| 276|0x0000000091400000, 0x0000000091500000, 0x0000000091500000|100%| O|  |TAMS 0x0000000091500000| PB 0x0000000091500000| Untracked 
| 277|0x0000000091500000, 0x0000000091600000, 0x0000000091600000|100%| O|  |TAMS 0x0000000091600000| PB 0x0000000091600000| Untracked 
| 278|0x0000000091600000, 0x0000000091700000, 0x0000000091700000|100%| O|  |TAMS 0x0000000091700000| PB 0x0000000091700000| Untracked 
| 279|0x0000000091700000, 0x0000000091800000, 0x0000000091800000|100%| O|  |TAMS 0x0000000091800000| PB 0x0000000091800000| Untracked 
| 280|0x0000000091800000, 0x0000000091900000, 0x0000000091900000|100%| O|  |TAMS 0x0000000091900000| PB 0x0000000091900000| Updating 
| 281|0x0000000091900000, 0x0000000091a00000, 0x0000000091a00000|100%| O|  |TAMS 0x0000000091a00000| PB 0x0000000091a00000| Untracked 
| 282|0x0000000091a00000, 0x0000000091b00000, 0x0000000091b00000|100%| O|  |TAMS 0x0000000091b00000| PB 0x0000000091b00000| Untracked 
| 283|0x0000000091b00000, 0x0000000091c00000, 0x0000000091c00000|100%| O|  |TAMS 0x0000000091c00000| PB 0x0000000091c00000| Updating 
| 284|0x0000000091c00000, 0x0000000091d00000, 0x0000000091d00000|100%| O|  |TAMS 0x0000000091d00000| PB 0x0000000091d00000| Updating 
| 285|0x0000000091d00000, 0x0000000091e00000, 0x0000000091e00000|100%| O|  |TAMS 0x0000000091e00000| PB 0x0000000091e00000| Updating 
| 286|0x0000000091e00000, 0x0000000091f00000, 0x0000000091f00000|100%| O|  |TAMS 0x0000000091f00000| PB 0x0000000091f00000| Untracked 
| 287|0x0000000091f00000, 0x0000000092000000, 0x0000000092000000|100%| O|  |TAMS 0x0000000092000000| PB 0x0000000092000000| Updating 
| 288|0x0000000092000000, 0x0000000092100000, 0x0000000092100000|100%| O|  |TAMS 0x0000000092100000| PB 0x0000000092100000| Updating 
| 289|0x0000000092100000, 0x0000000092200000, 0x0000000092200000|100%| O|  |TAMS 0x0000000092200000| PB 0x0000000092200000| Untracked 
| 290|0x0000000092200000, 0x0000000092300000, 0x0000000092300000|100%| O|  |TAMS 0x0000000092300000| PB 0x0000000092300000| Untracked 
| 291|0x0000000092300000, 0x0000000092400000, 0x0000000092400000|100%| O|  |TAMS 0x0000000092400000| PB 0x0000000092400000| Untracked 
| 292|0x0000000092400000, 0x0000000092500000, 0x0000000092500000|100%| O|  |TAMS 0x0000000092500000| PB 0x0000000092500000| Updating 
| 293|0x0000000092500000, 0x0000000092600000, 0x0000000092600000|100%| O|  |TAMS 0x0000000092600000| PB 0x0000000092600000| Updating 
| 294|0x0000000092600000, 0x0000000092700000, 0x0000000092700000|100%| O|  |TAMS 0x0000000092700000| PB 0x0000000092700000| Updating 
| 295|0x0000000092700000, 0x0000000092800000, 0x0000000092800000|100%| O|  |TAMS 0x0000000092800000| PB 0x0000000092800000| Updating 
| 296|0x0000000092800000, 0x0000000092900000, 0x0000000092900000|100%| O|  |TAMS 0x0000000092900000| PB 0x0000000092900000| Untracked 
| 297|0x0000000092900000, 0x0000000092a00000, 0x0000000092a00000|100%| O|  |TAMS 0x0000000092a00000| PB 0x0000000092a00000| Untracked 
| 298|0x0000000092a00000, 0x0000000092b00000, 0x0000000092b00000|100%| O|  |TAMS 0x0000000092b00000| PB 0x0000000092b00000| Untracked 
| 299|0x0000000092b00000, 0x0000000092c00000, 0x0000000092c00000|100%| O|  |TAMS 0x0000000092c00000| PB 0x0000000092c00000| Untracked 
| 300|0x0000000092c00000, 0x0000000092d00000, 0x0000000092d00000|100%| O|  |TAMS 0x0000000092d00000| PB 0x0000000092d00000| Untracked 
| 301|0x0000000092d00000, 0x0000000092e00000, 0x0000000092e00000|100%| O|  |TAMS 0x0000000092e00000| PB 0x0000000092e00000| Untracked 
| 302|0x0000000092e00000, 0x0000000092f00000, 0x0000000092f00000|100%| O|  |TAMS 0x0000000092f00000| PB 0x0000000092f00000| Untracked 
| 303|0x0000000092f00000, 0x0000000093000000, 0x0000000093000000|100%| O|  |TAMS 0x0000000093000000| PB 0x0000000093000000| Untracked 
| 304|0x0000000093000000, 0x0000000093100000, 0x0000000093100000|100%| O|  |TAMS 0x0000000093100000| PB 0x0000000093100000| Untracked 
| 305|0x0000000093100000, 0x0000000093200000, 0x0000000093200000|100%| O|  |TAMS 0x0000000093200000| PB 0x0000000093200000| Updating 
| 306|0x0000000093200000, 0x0000000093300000, 0x0000000093300000|100%| O|  |TAMS 0x0000000093300000| PB 0x0000000093300000| Updating 
| 307|0x0000000093300000, 0x0000000093400000, 0x0000000093400000|100%| O|  |TAMS 0x0000000093400000| PB 0x0000000093400000| Updating 
| 308|0x0000000093400000, 0x0000000093500000, 0x0000000093500000|100%| O|  |TAMS 0x0000000093500000| PB 0x0000000093500000| Updating 
| 309|0x0000000093500000, 0x0000000093600000, 0x0000000093600000|100%| O|  |TAMS 0x0000000093600000| PB 0x0000000093600000| Untracked 
| 310|0x0000000093600000, 0x0000000093700000, 0x0000000093700000|100%| O|  |TAMS 0x0000000093700000| PB 0x0000000093700000| Updating 
| 311|0x0000000093700000, 0x0000000093800000, 0x0000000093800000|100%| O|  |TAMS 0x0000000093800000| PB 0x0000000093800000| Updating 
| 312|0x0000000093800000, 0x0000000093900000, 0x0000000093900000|100%| O|  |TAMS 0x0000000093900000| PB 0x0000000093900000| Untracked 
| 313|0x0000000093900000, 0x0000000093a00000, 0x0000000093a00000|100%| O|  |TAMS 0x0000000093a00000| PB 0x0000000093a00000| Updating 
| 314|0x0000000093a00000, 0x0000000093b00000, 0x0000000093b00000|100%| O|  |TAMS 0x0000000093b00000| PB 0x0000000093b00000| Untracked 
| 315|0x0000000093b00000, 0x0000000093c00000, 0x0000000093c00000|100%| O|  |TAMS 0x0000000093c00000| PB 0x0000000093c00000| Updating 
| 316|0x0000000093c00000, 0x0000000093d00000, 0x0000000093d00000|100%| O|  |TAMS 0x0000000093d00000| PB 0x0000000093d00000| Updating 
| 317|0x0000000093d00000, 0x0000000093e00000, 0x0000000093e00000|100%| O|  |TAMS 0x0000000093e00000| PB 0x0000000093e00000| Untracked 
| 318|0x0000000093e00000, 0x0000000093f00000, 0x0000000093f00000|100%| O|  |TAMS 0x0000000093f00000| PB 0x0000000093f00000| Untracked 
| 319|0x0000000093f00000, 0x0000000094000000, 0x0000000094000000|100%| O|  |TAMS 0x0000000094000000| PB 0x0000000094000000| Untracked 
| 320|0x0000000094000000, 0x0000000094100000, 0x0000000094100000|100%| O|  |TAMS 0x0000000094100000| PB 0x0000000094100000| Untracked 
| 321|0x0000000094100000, 0x0000000094200000, 0x0000000094200000|100%| O|  |TAMS 0x0000000094200000| PB 0x0000000094200000| Untracked 
| 322|0x0000000094200000, 0x0000000094300000, 0x0000000094300000|100%| O|  |TAMS 0x0000000094300000| PB 0x0000000094300000| Updating 
| 323|0x0000000094300000, 0x0000000094400000, 0x0000000094400000|100%| O|  |TAMS 0x0000000094400000| PB 0x0000000094400000| Untracked 
| 324|0x0000000094400000, 0x0000000094500000, 0x0000000094500000|100%| O|  |TAMS 0x0000000094500000| PB 0x0000000094500000| Untracked 
| 325|0x0000000094500000, 0x0000000094600000, 0x0000000094600000|100%| O|  |TAMS 0x0000000094600000| PB 0x0000000094600000| Untracked 
| 326|0x0000000094600000, 0x0000000094700000, 0x0000000094700000|100%| O|  |TAMS 0x0000000094700000| PB 0x0000000094700000| Updating 
| 327|0x0000000094700000, 0x0000000094800000, 0x0000000094800000|100%| O|  |TAMS 0x0000000094800000| PB 0x0000000094800000| Updating 
| 328|0x0000000094800000, 0x0000000094900000, 0x0000000094900000|100%| O|  |TAMS 0x0000000094900000| PB 0x0000000094900000| Updating 
| 329|0x0000000094900000, 0x0000000094a00000, 0x0000000094a00000|100%| O|  |TAMS 0x0000000094a00000| PB 0x0000000094a00000| Updating 
| 330|0x0000000094a00000, 0x0000000094b00000, 0x0000000094b00000|100%| O|  |TAMS 0x0000000094b00000| PB 0x0000000094b00000| Updating 
| 331|0x0000000094b00000, 0x0000000094c00000, 0x0000000094c00000|100%| O|  |TAMS 0x0000000094c00000| PB 0x0000000094c00000| Untracked 
| 332|0x0000000094c00000, 0x0000000094d00000, 0x0000000094d00000|100%| O|  |TAMS 0x0000000094d00000| PB 0x0000000094d00000| Updating 
| 333|0x0000000094d00000, 0x0000000094e00000, 0x0000000094e00000|100%| O|  |TAMS 0x0000000094e00000| PB 0x0000000094e00000| Updating 
| 334|0x0000000094e00000, 0x0000000094f00000, 0x0000000094f00000|100%| O|  |TAMS 0x0000000094f00000| PB 0x0000000094f00000| Untracked 
| 335|0x0000000094f00000, 0x0000000095000000, 0x0000000095000000|100%| O|  |TAMS 0x0000000095000000| PB 0x0000000095000000| Updating 
| 336|0x0000000095000000, 0x0000000095100000, 0x0000000095100000|100%| O|  |TAMS 0x0000000095100000| PB 0x0000000095100000| Updating 
| 337|0x0000000095100000, 0x0000000095100000, 0x0000000095200000|  0%| F|  |TAMS 0x0000000095100000| PB 0x0000000095100000| Untracked 
| 338|0x0000000095200000, 0x0000000095300000, 0x0000000095300000|100%| O|  |TAMS 0x0000000095300000| PB 0x0000000095300000| Updating 
| 339|0x0000000095300000, 0x0000000095400000, 0x0000000095400000|100%| O|  |TAMS 0x0000000095400000| PB 0x0000000095400000| Updating 
| 340|0x0000000095400000, 0x0000000095500000, 0x0000000095500000|100%| O|  |TAMS 0x0000000095500000| PB 0x0000000095500000| Updating 
| 341|0x0000000095500000, 0x0000000095600000, 0x0000000095600000|100%| O|  |TAMS 0x0000000095600000| PB 0x0000000095600000| Updating 
| 342|0x0000000095600000, 0x0000000095700000, 0x0000000095700000|100%| O|  |TAMS 0x0000000095700000| PB 0x0000000095700000| Updating 
| 343|0x0000000095700000, 0x0000000095800000, 0x0000000095800000|100%|HS|  |TAMS 0x0000000095800000| PB 0x0000000095700000| Complete 
| 344|0x0000000095800000, 0x0000000095900000, 0x0000000095900000|100%|HC|  |TAMS 0x0000000095900000| PB 0x0000000095800000| Complete 
| 345|0x0000000095900000, 0x0000000095a00000, 0x0000000095a00000|100%| O|  |TAMS 0x0000000095a00000| PB 0x0000000095a00000| Updating 
| 346|0x0000000095a00000, 0x0000000095b00000, 0x0000000095b00000|100%| O|  |TAMS 0x0000000095b00000| PB 0x0000000095b00000| Updating 
| 347|0x0000000095b00000, 0x0000000095c00000, 0x0000000095c00000|100%| O|  |TAMS 0x0000000095c00000| PB 0x0000000095c00000| Updating 
| 348|0x0000000095c00000, 0x0000000095d00000, 0x0000000095d00000|100%| O|  |TAMS 0x0000000095d00000| PB 0x0000000095d00000| Untracked 
| 349|0x0000000095d00000, 0x0000000095e00000, 0x0000000095e00000|100%| O|  |TAMS 0x0000000095e00000| PB 0x0000000095e00000| Updating 
| 350|0x0000000095e00000, 0x0000000095f00000, 0x0000000095f00000|100%| O|  |TAMS 0x0000000095f00000| PB 0x0000000095f00000| Updating 
| 351|0x0000000095f00000, 0x0000000096000000, 0x0000000096000000|100%| O|  |TAMS 0x0000000096000000| PB 0x0000000096000000| Updating 
| 352|0x0000000096000000, 0x0000000096100000, 0x0000000096100000|100%| O|  |TAMS 0x0000000096100000| PB 0x0000000096100000| Updating 
| 353|0x0000000096100000, 0x0000000096200000, 0x0000000096200000|100%| O|  |TAMS 0x0000000096200000| PB 0x0000000096200000| Updating 
| 354|0x0000000096200000, 0x0000000096300000, 0x0000000096300000|100%| O|  |TAMS 0x0000000096300000| PB 0x0000000096300000| Updating 
| 355|0x0000000096300000, 0x0000000096400000, 0x0000000096400000|100%| O|  |TAMS 0x0000000096400000| PB 0x0000000096400000| Updating 
| 356|0x0000000096400000, 0x0000000096500000, 0x0000000096500000|100%| O|  |TAMS 0x0000000096500000| PB 0x0000000096500000| Updating 
| 357|0x0000000096500000, 0x0000000096600000, 0x0000000096600000|100%| O|  |TAMS 0x0000000096600000| PB 0x0000000096600000| Updating 
| 358|0x0000000096600000, 0x0000000096700000, 0x0000000096700000|100%| O|  |TAMS 0x0000000096700000| PB 0x0000000096700000| Updating 
| 359|0x0000000096700000, 0x0000000096800000, 0x0000000096800000|100%| O|  |TAMS 0x0000000096800000| PB 0x0000000096800000| Untracked 
| 360|0x0000000096800000, 0x0000000096900000, 0x0000000096900000|100%| O|  |TAMS 0x0000000096900000| PB 0x0000000096900000| Updating 
| 361|0x0000000096900000, 0x0000000096a00000, 0x0000000096a00000|100%| O|  |TAMS 0x0000000096a00000| PB 0x0000000096a00000| Updating 
| 362|0x0000000096a00000, 0x0000000096b00000, 0x0000000096b00000|100%| O|  |TAMS 0x0000000096b00000| PB 0x0000000096b00000| Untracked 
| 363|0x0000000096b00000, 0x0000000096c00000, 0x0000000096c00000|100%| O|  |TAMS 0x0000000096c00000| PB 0x0000000096c00000| Untracked 
| 364|0x0000000096c00000, 0x0000000096d00000, 0x0000000096d00000|100%| O|  |TAMS 0x0000000096d00000| PB 0x0000000096d00000| Untracked 
| 365|0x0000000096d00000, 0x0000000096d00000, 0x0000000096e00000|  0%| F|  |TAMS 0x0000000096d00000| PB 0x0000000096d00000| Untracked 
| 366|0x0000000096e00000, 0x0000000096f00000, 0x0000000096f00000|100%| O|  |TAMS 0x0000000096f00000| PB 0x0000000096f00000| Updating 
| 367|0x0000000096f00000, 0x0000000097000000, 0x0000000097000000|100%|HS|  |TAMS 0x0000000097000000| PB 0x0000000096f00000| Complete 
| 368|0x0000000097000000, 0x0000000097100000, 0x0000000097100000|100%|HC|  |TAMS 0x0000000097100000| PB 0x0000000097000000| Complete 
| 369|0x0000000097100000, 0x0000000097200000, 0x0000000097200000|100%|HC|  |TAMS 0x0000000097200000| PB 0x0000000097100000| Complete 
| 370|0x0000000097200000, 0x0000000097300000, 0x0000000097300000|100%| O|  |TAMS 0x0000000097300000| PB 0x0000000097300000| Updating 
| 371|0x0000000097300000, 0x0000000097400000, 0x0000000097400000|100%| O|  |TAMS 0x0000000097400000| PB 0x0000000097400000| Updating 
| 372|0x0000000097400000, 0x0000000097500000, 0x0000000097500000|100%| O|  |TAMS 0x0000000097500000| PB 0x0000000097500000| Updating 
| 373|0x0000000097500000, 0x0000000097600000, 0x0000000097600000|100%| O|  |TAMS 0x0000000097600000| PB 0x0000000097600000| Untracked 
| 374|0x0000000097600000, 0x0000000097700000, 0x0000000097700000|100%| O|  |TAMS 0x0000000097700000| PB 0x0000000097700000| Updating 
| 375|0x0000000097700000, 0x0000000097700000, 0x0000000097800000|  0%| F|  |TAMS 0x0000000097700000| PB 0x0000000097700000| Untracked 
| 376|0x0000000097800000, 0x0000000097900000, 0x0000000097900000|100%| O|  |TAMS 0x0000000097900000| PB 0x0000000097900000| Updating 
| 377|0x0000000097900000, 0x0000000097a00000, 0x0000000097a00000|100%| O|  |TAMS 0x0000000097a00000| PB 0x0000000097a00000| Updating 
| 378|0x0000000097a00000, 0x0000000097b00000, 0x0000000097b00000|100%| O|  |TAMS 0x0000000097b00000| PB 0x0000000097b00000| Updating 
| 379|0x0000000097b00000, 0x0000000097c00000, 0x0000000097c00000|100%| O|  |TAMS 0x0000000097c00000| PB 0x0000000097c00000| Untracked 
| 380|0x0000000097c00000, 0x0000000097d00000, 0x0000000097d00000|100%| O|  |TAMS 0x0000000097d00000| PB 0x0000000097d00000| Updating 
| 381|0x0000000097d00000, 0x0000000097e00000, 0x0000000097e00000|100%| O|  |TAMS 0x0000000097e00000| PB 0x0000000097e00000| Updating 
| 382|0x0000000097e00000, 0x0000000097f00000, 0x0000000097f00000|100%| O|  |TAMS 0x0000000097f00000| PB 0x0000000097f00000| Updating 
| 383|0x0000000097f00000, 0x0000000098000000, 0x0000000098000000|100%| O|  |TAMS 0x0000000098000000| PB 0x0000000098000000| Untracked 
| 384|0x0000000098000000, 0x0000000098100000, 0x0000000098100000|100%| O|  |TAMS 0x0000000098100000| PB 0x0000000098100000| Untracked 
| 385|0x0000000098100000, 0x0000000098200000, 0x0000000098200000|100%| O|  |TAMS 0x0000000098200000| PB 0x0000000098200000| Untracked 
| 386|0x0000000098200000, 0x0000000098300000, 0x0000000098300000|100%| O|  |TAMS 0x0000000098300000| PB 0x0000000098300000| Untracked 
| 387|0x0000000098300000, 0x0000000098400000, 0x0000000098400000|100%| O|  |TAMS 0x0000000098400000| PB 0x0000000098400000| Untracked 
| 388|0x0000000098400000, 0x0000000098500000, 0x0000000098500000|100%| O|  |TAMS 0x0000000098500000| PB 0x0000000098500000| Updating 
| 389|0x0000000098500000, 0x0000000098600000, 0x0000000098600000|100%| O|  |TAMS 0x0000000098600000| PB 0x0000000098600000| Updating 
| 390|0x0000000098600000, 0x0000000098700000, 0x0000000098700000|100%| O|  |TAMS 0x0000000098700000| PB 0x0000000098700000| Updating 
| 391|0x0000000098700000, 0x0000000098800000, 0x0000000098800000|100%| O|  |TAMS 0x0000000098800000| PB 0x0000000098800000| Updating 
| 392|0x0000000098800000, 0x0000000098900000, 0x0000000098900000|100%| O|  |TAMS 0x0000000098900000| PB 0x0000000098900000| Untracked 
| 393|0x0000000098900000, 0x0000000098a00000, 0x0000000098a00000|100%| O|  |TAMS 0x0000000098a00000| PB 0x0000000098a00000| Updating 
| 394|0x0000000098a00000, 0x0000000098b00000, 0x0000000098b00000|100%| O|  |TAMS 0x0000000098b00000| PB 0x0000000098b00000| Updating 
| 395|0x0000000098b00000, 0x0000000098c00000, 0x0000000098c00000|100%| O|  |TAMS 0x0000000098c00000| PB 0x0000000098c00000| Updating 
| 396|0x0000000098c00000, 0x0000000098d00000, 0x0000000098d00000|100%| O|  |TAMS 0x0000000098d00000| PB 0x0000000098d00000| Updating 
| 397|0x0000000098d00000, 0x0000000098e00000, 0x0000000098e00000|100%| O|  |TAMS 0x0000000098e00000| PB 0x0000000098e00000| Updating 
| 398|0x0000000098e00000, 0x0000000098f00000, 0x0000000098f00000|100%| O|  |TAMS 0x0000000098f00000| PB 0x0000000098f00000| Untracked 
| 399|0x0000000098f00000, 0x0000000099000000, 0x0000000099000000|100%| O|  |TAMS 0x0000000099000000| PB 0x0000000099000000| Updating 
| 400|0x0000000099000000, 0x0000000099100000, 0x0000000099100000|100%| O|  |TAMS 0x0000000099100000| PB 0x0000000099100000| Untracked 
| 401|0x0000000099100000, 0x0000000099200000, 0x0000000099200000|100%| O|  |TAMS 0x0000000099200000| PB 0x0000000099200000| Untracked 
| 402|0x0000000099200000, 0x0000000099300000, 0x0000000099300000|100%| O|  |TAMS 0x0000000099300000| PB 0x0000000099300000| Untracked 
| 403|0x0000000099300000, 0x0000000099400000, 0x0000000099400000|100%| O|  |TAMS 0x0000000099400000| PB 0x0000000099400000| Untracked 
| 404|0x0000000099400000, 0x0000000099500000, 0x0000000099500000|100%| O|  |TAMS 0x0000000099500000| PB 0x0000000099500000| Untracked 
| 405|0x0000000099500000, 0x0000000099600000, 0x0000000099600000|100%| O|  |TAMS 0x0000000099600000| PB 0x0000000099600000| Untracked 
| 406|0x0000000099600000, 0x0000000099700000, 0x0000000099700000|100%| O|  |TAMS 0x0000000099700000| PB 0x0000000099700000| Untracked 
| 407|0x0000000099700000, 0x0000000099800000, 0x0000000099800000|100%| O|  |TAMS 0x0000000099800000| PB 0x0000000099800000| Updating 
| 408|0x0000000099800000, 0x0000000099900000, 0x0000000099900000|100%| O|  |TAMS 0x0000000099900000| PB 0x0000000099900000| Untracked 
| 409|0x0000000099900000, 0x0000000099a00000, 0x0000000099a00000|100%| O|  |TAMS 0x0000000099a00000| PB 0x0000000099a00000| Updating 
| 410|0x0000000099a00000, 0x0000000099b00000, 0x0000000099b00000|100%| O|  |TAMS 0x0000000099b00000| PB 0x0000000099b00000| Untracked 
| 411|0x0000000099b00000, 0x0000000099c00000, 0x0000000099c00000|100%| O|  |TAMS 0x0000000099c00000| PB 0x0000000099c00000| Updating 
| 412|0x0000000099c00000, 0x0000000099d00000, 0x0000000099d00000|100%| O|  |TAMS 0x0000000099d00000| PB 0x0000000099d00000| Updating 
| 413|0x0000000099d00000, 0x0000000099e00000, 0x0000000099e00000|100%| O|  |TAMS 0x0000000099e00000| PB 0x0000000099e00000| Updating 
| 414|0x0000000099e00000, 0x0000000099f00000, 0x0000000099f00000|100%| O|  |TAMS 0x0000000099f00000| PB 0x0000000099f00000| Updating 
| 415|0x0000000099f00000, 0x000000009a000000, 0x000000009a000000|100%| O|  |TAMS 0x000000009a000000| PB 0x000000009a000000| Untracked 
| 416|0x000000009a000000, 0x000000009a100000, 0x000000009a100000|100%| O|  |TAMS 0x000000009a100000| PB 0x000000009a100000| Untracked 
| 417|0x000000009a100000, 0x000000009a200000, 0x000000009a200000|100%|HS|  |TAMS 0x000000009a200000| PB 0x000000009a100000| Complete 
| 418|0x000000009a200000, 0x000000009a300000, 0x000000009a300000|100%|HC|  |TAMS 0x000000009a300000| PB 0x000000009a200000| Complete 
| 419|0x000000009a300000, 0x000000009a400000, 0x000000009a400000|100%|HC|  |TAMS 0x000000009a400000| PB 0x000000009a300000| Complete 
| 420|0x000000009a400000, 0x000000009a400000, 0x000000009a500000|  0%| F|  |TAMS 0x000000009a400000| PB 0x000000009a400000| Untracked 
| 421|0x000000009a500000, 0x000000009a600000, 0x000000009a600000|100%| O|  |TAMS 0x000000009a600000| PB 0x000000009a600000| Updating 
| 422|0x000000009a600000, 0x000000009a700000, 0x000000009a700000|100%| O|  |TAMS 0x000000009a700000| PB 0x000000009a700000| Updating 
| 423|0x000000009a700000, 0x000000009a800000, 0x000000009a800000|100%| O|  |TAMS 0x000000009a800000| PB 0x000000009a800000| Updating 
| 424|0x000000009a800000, 0x000000009a800000, 0x000000009a900000|  0%| F|  |TAMS 0x000000009a800000| PB 0x000000009a800000| Untracked 
| 425|0x000000009a900000, 0x000000009a900000, 0x000000009aa00000|  0%| F|  |TAMS 0x000000009a900000| PB 0x000000009a900000| Untracked 
| 426|0x000000009aa00000, 0x000000009aa00000, 0x000000009ab00000|  0%| F|  |TAMS 0x000000009aa00000| PB 0x000000009aa00000| Untracked 
| 427|0x000000009ab00000, 0x000000009ab00000, 0x000000009ac00000|  0%| F|  |TAMS 0x000000009ab00000| PB 0x000000009ab00000| Untracked 
| 428|0x000000009ac00000, 0x000000009ac00000, 0x000000009ad00000|  0%| F|  |TAMS 0x000000009ac00000| PB 0x000000009ac00000| Untracked 
| 429|0x000000009ad00000, 0x000000009ad00000, 0x000000009ae00000|  0%| F|  |TAMS 0x000000009ad00000| PB 0x000000009ad00000| Untracked 
| 430|0x000000009ae00000, 0x000000009af00000, 0x000000009af00000|100%| O|  |TAMS 0x000000009af00000| PB 0x000000009af00000| Updating 
| 431|0x000000009af00000, 0x000000009b000000, 0x000000009b000000|100%| O|  |TAMS 0x000000009b000000| PB 0x000000009b000000| Updating 
| 432|0x000000009b000000, 0x000000009b100000, 0x000000009b100000|100%| O|  |TAMS 0x000000009b100000| PB 0x000000009b100000| Updating 
| 433|0x000000009b100000, 0x000000009b200000, 0x000000009b200000|100%| O|  |TAMS 0x000000009b200000| PB 0x000000009b200000| Untracked 
| 434|0x000000009b200000, 0x000000009b300000, 0x000000009b300000|100%| O|  |TAMS 0x000000009b300000| PB 0x000000009b300000| Updating 
| 435|0x000000009b300000, 0x000000009b400000, 0x000000009b400000|100%| O|  |TAMS 0x000000009b400000| PB 0x000000009b400000| Updating 
| 436|0x000000009b400000, 0x000000009b500000, 0x000000009b500000|100%| O|  |TAMS 0x000000009b500000| PB 0x000000009b500000| Updating 
| 437|0x000000009b500000, 0x000000009b600000, 0x000000009b600000|100%| O|  |TAMS 0x000000009b600000| PB 0x000000009b600000| Updating 
| 438|0x000000009b600000, 0x000000009b700000, 0x000000009b700000|100%| O|  |TAMS 0x000000009b700000| PB 0x000000009b700000| Updating 
| 439|0x000000009b700000, 0x000000009b700000, 0x000000009b800000|  0%| F|  |TAMS 0x000000009b700000| PB 0x000000009b700000| Untracked 
| 440|0x000000009b800000, 0x000000009b900000, 0x000000009b900000|100%| O|  |TAMS 0x000000009b900000| PB 0x000000009b900000| Updating 
| 441|0x000000009b900000, 0x000000009ba00000, 0x000000009ba00000|100%| O|  |TAMS 0x000000009ba00000| PB 0x000000009ba00000| Updating 
| 442|0x000000009ba00000, 0x000000009bb00000, 0x000000009bb00000|100%| O|  |TAMS 0x000000009bb00000| PB 0x000000009bb00000| Updating 
| 443|0x000000009bb00000, 0x000000009bc00000, 0x000000009bc00000|100%| O|  |TAMS 0x000000009bc00000| PB 0x000000009bc00000| Updating 
| 444|0x000000009bc00000, 0x000000009bd00000, 0x000000009bd00000|100%| O|  |TAMS 0x000000009bd00000| PB 0x000000009bd00000| Untracked 
| 445|0x000000009bd00000, 0x000000009be00000, 0x000000009be00000|100%| O|  |TAMS 0x000000009be00000| PB 0x000000009be00000| Updating 
| 446|0x000000009be00000, 0x000000009bf00000, 0x000000009bf00000|100%| O|  |TAMS 0x000000009bf00000| PB 0x000000009bf00000| Untracked 
| 447|0x000000009bf00000, 0x000000009c000000, 0x000000009c000000|100%| O|  |TAMS 0x000000009c000000| PB 0x000000009c000000| Untracked 
| 448|0x000000009c000000, 0x000000009c100000, 0x000000009c100000|100%| O|  |TAMS 0x000000009c100000| PB 0x000000009c100000| Untracked 
| 449|0x000000009c100000, 0x000000009c200000, 0x000000009c200000|100%| O|  |TAMS 0x000000009c200000| PB 0x000000009c200000| Updating 
| 450|0x000000009c200000, 0x000000009c200000, 0x000000009c300000|  0%| F|  |TAMS 0x000000009c200000| PB 0x000000009c200000| Untracked 
| 451|0x000000009c300000, 0x000000009c400000, 0x000000009c400000|100%| O|  |TAMS 0x000000009c400000| PB 0x000000009c400000| Untracked 
| 452|0x000000009c400000, 0x000000009c500000, 0x000000009c500000|100%| O|  |TAMS 0x000000009c500000| PB 0x000000009c500000| Updating 
| 453|0x000000009c500000, 0x000000009c600000, 0x000000009c600000|100%| O|  |TAMS 0x000000009c600000| PB 0x000000009c600000| Updating 
| 454|0x000000009c600000, 0x000000009c700000, 0x000000009c700000|100%| O|  |TAMS 0x000000009c700000| PB 0x000000009c700000| Untracked 
| 455|0x000000009c700000, 0x000000009c800000, 0x000000009c800000|100%| O|  |TAMS 0x000000009c800000| PB 0x000000009c800000| Untracked 
| 456|0x000000009c800000, 0x000000009c900000, 0x000000009c900000|100%| O|  |TAMS 0x000000009c900000| PB 0x000000009c900000| Untracked 
| 457|0x000000009c900000, 0x000000009ca00000, 0x000000009ca00000|100%| O|  |TAMS 0x000000009ca00000| PB 0x000000009ca00000| Untracked 
| 458|0x000000009ca00000, 0x000000009cb00000, 0x000000009cb00000|100%| O|  |TAMS 0x000000009cb00000| PB 0x000000009cb00000| Untracked 
| 459|0x000000009cb00000, 0x000000009cc00000, 0x000000009cc00000|100%| O|  |TAMS 0x000000009cc00000| PB 0x000000009cc00000| Untracked 
| 460|0x000000009cc00000, 0x000000009cd00000, 0x000000009cd00000|100%| O|  |TAMS 0x000000009cd00000| PB 0x000000009cd00000| Untracked 
| 461|0x000000009cd00000, 0x000000009ce00000, 0x000000009ce00000|100%| O|  |TAMS 0x000000009ce00000| PB 0x000000009ce00000| Untracked 
| 462|0x000000009ce00000, 0x000000009cf00000, 0x000000009cf00000|100%| O|  |TAMS 0x000000009cf00000| PB 0x000000009cf00000| Updating 
| 463|0x000000009cf00000, 0x000000009d000000, 0x000000009d000000|100%| O|  |TAMS 0x000000009d000000| PB 0x000000009d000000| Untracked 
| 464|0x000000009d000000, 0x000000009d100000, 0x000000009d100000|100%| O|  |TAMS 0x000000009d100000| PB 0x000000009d100000| Updating 
| 465|0x000000009d100000, 0x000000009d200000, 0x000000009d200000|100%| O|  |TAMS 0x000000009d200000| PB 0x000000009d200000| Updating 
| 466|0x000000009d200000, 0x000000009d300000, 0x000000009d300000|100%| O|  |TAMS 0x000000009d300000| PB 0x000000009d300000| Updating 
| 467|0x000000009d300000, 0x000000009d400000, 0x000000009d400000|100%| O|  |TAMS 0x000000009d400000| PB 0x000000009d400000| Updating 
| 468|0x000000009d400000, 0x000000009d500000, 0x000000009d500000|100%| O|  |TAMS 0x000000009d500000| PB 0x000000009d500000| Updating 
| 469|0x000000009d500000, 0x000000009d600000, 0x000000009d600000|100%| O|  |TAMS 0x000000009d600000| PB 0x000000009d600000| Updating 
| 470|0x000000009d600000, 0x000000009d600000, 0x000000009d700000|  0%| F|  |TAMS 0x000000009d600000| PB 0x000000009d600000| Untracked 
| 471|0x000000009d700000, 0x000000009d700000, 0x000000009d800000|  0%| F|  |TAMS 0x000000009d700000| PB 0x000000009d700000| Untracked 
| 472|0x000000009d800000, 0x000000009d900000, 0x000000009d900000|100%| O|  |TAMS 0x000000009d900000| PB 0x000000009d900000| Updating 
| 473|0x000000009d900000, 0x000000009da00000, 0x000000009da00000|100%| O|  |TAMS 0x000000009da00000| PB 0x000000009da00000| Updating 
| 474|0x000000009da00000, 0x000000009db00000, 0x000000009db00000|100%| O|  |TAMS 0x000000009db00000| PB 0x000000009db00000| Updating 
| 475|0x000000009db00000, 0x000000009dc00000, 0x000000009dc00000|100%| O|  |TAMS 0x000000009dc00000| PB 0x000000009dc00000| Updating 
| 476|0x000000009dc00000, 0x000000009dd00000, 0x000000009dd00000|100%| O|  |TAMS 0x000000009dd00000| PB 0x000000009dd00000| Updating 
| 477|0x000000009dd00000, 0x000000009de00000, 0x000000009de00000|100%| O|  |TAMS 0x000000009de00000| PB 0x000000009de00000| Untracked 
| 478|0x000000009de00000, 0x000000009df00000, 0x000000009df00000|100%| O|  |TAMS 0x000000009df00000| PB 0x000000009df00000| Untracked 
| 479|0x000000009df00000, 0x000000009e000000, 0x000000009e000000|100%| O|  |TAMS 0x000000009e000000| PB 0x000000009e000000| Updating 
| 480|0x000000009e000000, 0x000000009e100000, 0x000000009e100000|100%| O|  |TAMS 0x000000009e100000| PB 0x000000009e100000| Updating 
| 481|0x000000009e100000, 0x000000009e100000, 0x000000009e200000|  0%| F|  |TAMS 0x000000009e100000| PB 0x000000009e100000| Untracked 
| 482|0x000000009e200000, 0x000000009e300000, 0x000000009e300000|100%| O|  |TAMS 0x000000009e300000| PB 0x000000009e300000| Updating 
| 483|0x000000009e300000, 0x000000009e300000, 0x000000009e400000|  0%| F|  |TAMS 0x000000009e300000| PB 0x000000009e300000| Untracked 
| 484|0x000000009e400000, 0x000000009e500000, 0x000000009e500000|100%| O|  |TAMS 0x000000009e500000| PB 0x000000009e500000| Untracked 
| 485|0x000000009e500000, 0x000000009e600000, 0x000000009e600000|100%| O|  |TAMS 0x000000009e600000| PB 0x000000009e600000| Updating 
| 486|0x000000009e600000, 0x000000009e700000, 0x000000009e700000|100%|HS|  |TAMS 0x000000009e700000| PB 0x000000009e600000| Complete 
| 487|0x000000009e700000, 0x000000009e800000, 0x000000009e800000|100%|HC|  |TAMS 0x000000009e800000| PB 0x000000009e700000| Complete 
| 488|0x000000009e800000, 0x000000009e900000, 0x000000009e900000|100%| O|  |TAMS 0x000000009e900000| PB 0x000000009e900000| Updating 
| 489|0x000000009e900000, 0x000000009ea00000, 0x000000009ea00000|100%| O|  |TAMS 0x000000009ea00000| PB 0x000000009ea00000| Updating 
| 490|0x000000009ea00000, 0x000000009eb00000, 0x000000009eb00000|100%| O|  |TAMS 0x000000009eb00000| PB 0x000000009eb00000| Untracked 
| 491|0x000000009eb00000, 0x000000009ec00000, 0x000000009ec00000|100%| O|  |TAMS 0x000000009ec00000| PB 0x000000009ec00000| Updating 
| 492|0x000000009ec00000, 0x000000009ed00000, 0x000000009ed00000|100%| O|  |TAMS 0x000000009ed00000| PB 0x000000009ed00000| Untracked 
| 493|0x000000009ed00000, 0x000000009ee00000, 0x000000009ee00000|100%| O|  |TAMS 0x000000009ee00000| PB 0x000000009ee00000| Untracked 
| 494|0x000000009ee00000, 0x000000009ef00000, 0x000000009ef00000|100%| O|  |TAMS 0x000000009ef00000| PB 0x000000009ef00000| Untracked 
| 495|0x000000009ef00000, 0x000000009f000000, 0x000000009f000000|100%| O|  |TAMS 0x000000009f000000| PB 0x000000009f000000| Untracked 
| 496|0x000000009f000000, 0x000000009f100000, 0x000000009f100000|100%| O|  |TAMS 0x000000009f100000| PB 0x000000009f100000| Updating 
| 497|0x000000009f100000, 0x000000009f100000, 0x000000009f200000|  0%| F|  |TAMS 0x000000009f100000| PB 0x000000009f100000| Untracked 
| 498|0x000000009f200000, 0x000000009f300000, 0x000000009f300000|100%| O|  |TAMS 0x000000009f300000| PB 0x000000009f300000| Untracked 
| 499|0x000000009f300000, 0x000000009f400000, 0x000000009f400000|100%| O|  |TAMS 0x000000009f400000| PB 0x000000009f400000| Updating 
| 500|0x000000009f400000, 0x000000009f500000, 0x000000009f500000|100%| O|  |TAMS 0x000000009f500000| PB 0x000000009f500000| Updating 
| 501|0x000000009f500000, 0x000000009f600000, 0x000000009f600000|100%| O|  |TAMS 0x000000009f600000| PB 0x000000009f600000| Untracked 
| 502|0x000000009f600000, 0x000000009f700000, 0x000000009f700000|100%| O|  |TAMS 0x000000009f700000| PB 0x000000009f700000| Updating 
| 503|0x000000009f700000, 0x000000009f800000, 0x000000009f800000|100%| O|  |TAMS 0x000000009f800000| PB 0x000000009f800000| Untracked 
| 504|0x000000009f800000, 0x000000009f900000, 0x000000009f900000|100%| O|  |TAMS 0x000000009f900000| PB 0x000000009f900000| Updating 
| 505|0x000000009f900000, 0x000000009fa00000, 0x000000009fa00000|100%| O|  |TAMS 0x000000009fa00000| PB 0x000000009fa00000| Untracked 
| 506|0x000000009fa00000, 0x000000009fb00000, 0x000000009fb00000|100%| O|  |TAMS 0x000000009fb00000| PB 0x000000009fb00000| Untracked 
| 507|0x000000009fb00000, 0x000000009fc00000, 0x000000009fc00000|100%| O|  |TAMS 0x000000009fc00000| PB 0x000000009fc00000| Untracked 
| 508|0x000000009fc00000, 0x000000009fd00000, 0x000000009fd00000|100%| O|  |TAMS 0x000000009fd00000| PB 0x000000009fd00000| Updating 
| 509|0x000000009fd00000, 0x000000009fe00000, 0x000000009fe00000|100%| O|  |TAMS 0x000000009fe00000| PB 0x000000009fe00000| Untracked 
| 510|0x000000009fe00000, 0x000000009ff00000, 0x000000009ff00000|100%| O|  |TAMS 0x000000009ff00000| PB 0x000000009ff00000| Updating 
| 511|0x000000009ff00000, 0x00000000a0000000, 0x00000000a0000000|100%| O|  |TAMS 0x00000000a0000000| PB 0x00000000a0000000| Updating 
| 512|0x00000000a0000000, 0x00000000a0100000, 0x00000000a0100000|100%| O|  |TAMS 0x00000000a0100000| PB 0x00000000a0100000| Untracked 
| 513|0x00000000a0100000, 0x00000000a0200000, 0x00000000a0200000|100%| O|  |TAMS 0x00000000a0200000| PB 0x00000000a0200000| Updating 
| 514|0x00000000a0200000, 0x00000000a0300000, 0x00000000a0300000|100%| O|  |TAMS 0x00000000a0300000| PB 0x00000000a0300000| Updating 
| 515|0x00000000a0300000, 0x00000000a0400000, 0x00000000a0400000|100%| O|  |TAMS 0x00000000a0400000| PB 0x00000000a0400000| Updating 
| 516|0x00000000a0400000, 0x00000000a0500000, 0x00000000a0500000|100%| O|  |TAMS 0x00000000a0500000| PB 0x00000000a0500000| Updating 
| 517|0x00000000a0500000, 0x00000000a0600000, 0x00000000a0600000|100%| O|  |TAMS 0x00000000a0600000| PB 0x00000000a0600000| Updating 
| 518|0x00000000a0600000, 0x00000000a0700000, 0x00000000a0700000|100%| O|  |TAMS 0x00000000a0700000| PB 0x00000000a0700000| Updating 
| 519|0x00000000a0700000, 0x00000000a0800000, 0x00000000a0800000|100%| O|  |TAMS 0x00000000a0800000| PB 0x00000000a0800000| Updating 
| 520|0x00000000a0800000, 0x00000000a0800000, 0x00000000a0900000|  0%| F|  |TAMS 0x00000000a0800000| PB 0x00000000a0800000| Untracked 
| 521|0x00000000a0900000, 0x00000000a0900000, 0x00000000a0a00000|  0%| F|  |TAMS 0x00000000a0900000| PB 0x00000000a0900000| Untracked 
| 522|0x00000000a0a00000, 0x00000000a0a00000, 0x00000000a0b00000|  0%| F|  |TAMS 0x00000000a0a00000| PB 0x00000000a0a00000| Untracked 
| 523|0x00000000a0b00000, 0x00000000a0c00000, 0x00000000a0c00000|100%| O|  |TAMS 0x00000000a0c00000| PB 0x00000000a0c00000| Updating 
| 524|0x00000000a0c00000, 0x00000000a0d00000, 0x00000000a0d00000|100%| O|  |TAMS 0x00000000a0d00000| PB 0x00000000a0d00000| Updating 
| 525|0x00000000a0d00000, 0x00000000a0e00000, 0x00000000a0e00000|100%| O|  |TAMS 0x00000000a0e00000| PB 0x00000000a0e00000| Updating 
| 526|0x00000000a0e00000, 0x00000000a0f00000, 0x00000000a0f00000|100%| O|  |TAMS 0x00000000a0f00000| PB 0x00000000a0f00000| Updating 
| 527|0x00000000a0f00000, 0x00000000a0f00000, 0x00000000a1000000|  0%| F|  |TAMS 0x00000000a0f00000| PB 0x00000000a0f00000| Untracked 
| 528|0x00000000a1000000, 0x00000000a1100000, 0x00000000a1100000|100%| O|  |TAMS 0x00000000a1100000| PB 0x00000000a1100000| Updating 
| 529|0x00000000a1100000, 0x00000000a1200000, 0x00000000a1200000|100%| O|  |TAMS 0x00000000a1200000| PB 0x00000000a1200000| Updating 
| 530|0x00000000a1200000, 0x00000000a1300000, 0x00000000a1300000|100%| O|  |TAMS 0x00000000a1300000| PB 0x00000000a1300000| Updating 
| 531|0x00000000a1300000, 0x00000000a1400000, 0x00000000a1400000|100%| O|  |TAMS 0x00000000a1400000| PB 0x00000000a1400000| Updating 
| 532|0x00000000a1400000, 0x00000000a1500000, 0x00000000a1500000|100%| O|  |TAMS 0x00000000a1500000| PB 0x00000000a1500000| Updating 
| 533|0x00000000a1500000, 0x00000000a1600000, 0x00000000a1600000|100%| O|  |TAMS 0x00000000a1600000| PB 0x00000000a1600000| Updating 
| 534|0x00000000a1600000, 0x00000000a1700000, 0x00000000a1700000|100%| O|  |TAMS 0x00000000a1700000| PB 0x00000000a1700000| Updating 
| 535|0x00000000a1700000, 0x00000000a1800000, 0x00000000a1800000|100%| O|  |TAMS 0x00000000a1800000| PB 0x00000000a1800000| Untracked 
| 536|0x00000000a1800000, 0x00000000a1900000, 0x00000000a1900000|100%| O|  |TAMS 0x00000000a1900000| PB 0x00000000a1900000| Updating 
| 537|0x00000000a1900000, 0x00000000a1a00000, 0x00000000a1a00000|100%| O|  |TAMS 0x00000000a1a00000| PB 0x00000000a1a00000| Updating 
| 538|0x00000000a1a00000, 0x00000000a1b00000, 0x00000000a1b00000|100%| O|  |TAMS 0x00000000a1b00000| PB 0x00000000a1b00000| Updating 
| 539|0x00000000a1b00000, 0x00000000a1c00000, 0x00000000a1c00000|100%| O|  |TAMS 0x00000000a1c00000| PB 0x00000000a1c00000| Updating 
| 540|0x00000000a1c00000, 0x00000000a1c00000, 0x00000000a1d00000|  0%| F|  |TAMS 0x00000000a1c00000| PB 0x00000000a1c00000| Untracked 
| 541|0x00000000a1d00000, 0x00000000a1d00000, 0x00000000a1e00000|  0%| F|  |TAMS 0x00000000a1d00000| PB 0x00000000a1d00000| Untracked 
| 542|0x00000000a1e00000, 0x00000000a1f00000, 0x00000000a1f00000|100%| O|  |TAMS 0x00000000a1f00000| PB 0x00000000a1f00000| Updating 
| 543|0x00000000a1f00000, 0x00000000a2000000, 0x00000000a2000000|100%| O|  |TAMS 0x00000000a2000000| PB 0x00000000a2000000| Updating 
| 544|0x00000000a2000000, 0x00000000a2100000, 0x00000000a2100000|100%| O|  |TAMS 0x00000000a2100000| PB 0x00000000a2100000| Updating 
| 545|0x00000000a2100000, 0x00000000a2200000, 0x00000000a2200000|100%| O|  |TAMS 0x00000000a2200000| PB 0x00000000a2200000| Updating 
| 546|0x00000000a2200000, 0x00000000a2300000, 0x00000000a2300000|100%| O|  |TAMS 0x00000000a2300000| PB 0x00000000a2300000| Updating 
| 547|0x00000000a2300000, 0x00000000a2300000, 0x00000000a2400000|  0%| F|  |TAMS 0x00000000a2300000| PB 0x00000000a2300000| Untracked 
| 548|0x00000000a2400000, 0x00000000a2400000, 0x00000000a2500000|  0%| F|  |TAMS 0x00000000a2400000| PB 0x00000000a2400000| Untracked 
| 549|0x00000000a2500000, 0x00000000a2600000, 0x00000000a2600000|100%| O|  |TAMS 0x00000000a2600000| PB 0x00000000a2600000| Untracked 
| 550|0x00000000a2600000, 0x00000000a2700000, 0x00000000a2700000|100%| O|  |TAMS 0x00000000a2700000| PB 0x00000000a2700000| Updating 
| 551|0x00000000a2700000, 0x00000000a2800000, 0x00000000a2800000|100%| O|  |TAMS 0x00000000a2800000| PB 0x00000000a2800000| Updating 
| 552|0x00000000a2800000, 0x00000000a2900000, 0x00000000a2900000|100%| O|  |TAMS 0x00000000a2900000| PB 0x00000000a2900000| Updating 
| 553|0x00000000a2900000, 0x00000000a2a00000, 0x00000000a2a00000|100%| O|  |TAMS 0x00000000a2a00000| PB 0x00000000a2a00000| Updating 
| 554|0x00000000a2a00000, 0x00000000a2b00000, 0x00000000a2b00000|100%| O|  |TAMS 0x00000000a2b00000| PB 0x00000000a2b00000| Updating 
| 555|0x00000000a2b00000, 0x00000000a2c00000, 0x00000000a2c00000|100%| O|  |TAMS 0x00000000a2c00000| PB 0x00000000a2c00000| Untracked 
| 556|0x00000000a2c00000, 0x00000000a2d00000, 0x00000000a2d00000|100%| O|  |TAMS 0x00000000a2d00000| PB 0x00000000a2d00000| Updating 
| 557|0x00000000a2d00000, 0x00000000a2e00000, 0x00000000a2e00000|100%| O|  |TAMS 0x00000000a2e00000| PB 0x00000000a2e00000| Updating 
| 558|0x00000000a2e00000, 0x00000000a2f00000, 0x00000000a2f00000|100%| O|  |TAMS 0x00000000a2f00000| PB 0x00000000a2f00000| Updating 
| 559|0x00000000a2f00000, 0x00000000a3000000, 0x00000000a3000000|100%| O|  |TAMS 0x00000000a3000000| PB 0x00000000a3000000| Updating 
| 560|0x00000000a3000000, 0x00000000a3100000, 0x00000000a3100000|100%| O|  |TAMS 0x00000000a3100000| PB 0x00000000a3100000| Updating 
| 561|0x00000000a3100000, 0x00000000a3200000, 0x00000000a3200000|100%| O|  |TAMS 0x00000000a3200000| PB 0x00000000a3200000| Updating 
| 562|0x00000000a3200000, 0x00000000a3300000, 0x00000000a3300000|100%| O|  |TAMS 0x00000000a3300000| PB 0x00000000a3300000| Updating 
| 563|0x00000000a3300000, 0x00000000a3400000, 0x00000000a3400000|100%| O|  |TAMS 0x00000000a3400000| PB 0x00000000a3400000| Updating 
| 564|0x00000000a3400000, 0x00000000a3500000, 0x00000000a3500000|100%| O|  |TAMS 0x00000000a3500000| PB 0x00000000a3500000| Updating 
| 565|0x00000000a3500000, 0x00000000a3600000, 0x00000000a3600000|100%| O|  |TAMS 0x00000000a3600000| PB 0x00000000a3600000| Updating 
| 566|0x00000000a3600000, 0x00000000a3700000, 0x00000000a3700000|100%| O|  |TAMS 0x00000000a3700000| PB 0x00000000a3700000| Updating 
| 567|0x00000000a3700000, 0x00000000a3800000, 0x00000000a3800000|100%| O|  |TAMS 0x00000000a3800000| PB 0x00000000a3800000| Updating 
| 568|0x00000000a3800000, 0x00000000a3900000, 0x00000000a3900000|100%| O|  |TAMS 0x00000000a3900000| PB 0x00000000a3900000| Updating 
| 569|0x00000000a3900000, 0x00000000a3a00000, 0x00000000a3a00000|100%| O|  |TAMS 0x00000000a3a00000| PB 0x00000000a3a00000| Updating 
| 570|0x00000000a3a00000, 0x00000000a3a00000, 0x00000000a3b00000|  0%| F|  |TAMS 0x00000000a3a00000| PB 0x00000000a3a00000| Untracked 
| 571|0x00000000a3b00000, 0x00000000a3b00000, 0x00000000a3c00000|  0%| F|  |TAMS 0x00000000a3b00000| PB 0x00000000a3b00000| Untracked 
| 572|0x00000000a3c00000, 0x00000000a3d00000, 0x00000000a3d00000|100%| O|  |TAMS 0x00000000a3d00000| PB 0x00000000a3d00000| Updating 
| 573|0x00000000a3d00000, 0x00000000a3e00000, 0x00000000a3e00000|100%| O|  |TAMS 0x00000000a3e00000| PB 0x00000000a3e00000| Untracked 
| 574|0x00000000a3e00000, 0x00000000a3f00000, 0x00000000a3f00000|100%| O|  |TAMS 0x00000000a3f00000| PB 0x00000000a3f00000| Untracked 
| 575|0x00000000a3f00000, 0x00000000a4000000, 0x00000000a4000000|100%| O|  |TAMS 0x00000000a4000000| PB 0x00000000a4000000| Updating 
| 576|0x00000000a4000000, 0x00000000a4100000, 0x00000000a4100000|100%| O|  |TAMS 0x00000000a4100000| PB 0x00000000a4100000| Untracked 
| 577|0x00000000a4100000, 0x00000000a4200000, 0x00000000a4200000|100%| O|  |TAMS 0x00000000a4200000| PB 0x00000000a4200000| Updating 
| 578|0x00000000a4200000, 0x00000000a4300000, 0x00000000a4300000|100%| O|  |TAMS 0x00000000a4300000| PB 0x00000000a4300000| Updating 
| 579|0x00000000a4300000, 0x00000000a4400000, 0x00000000a4400000|100%| O|  |TAMS 0x00000000a4400000| PB 0x00000000a4400000| Updating 
| 580|0x00000000a4400000, 0x00000000a4500000, 0x00000000a4500000|100%| O|  |TAMS 0x00000000a4500000| PB 0x00000000a4500000| Updating 
| 581|0x00000000a4500000, 0x00000000a4600000, 0x00000000a4600000|100%| O|  |TAMS 0x00000000a4600000| PB 0x00000000a4600000| Updating 
| 582|0x00000000a4600000, 0x00000000a4700000, 0x00000000a4700000|100%| O|  |TAMS 0x00000000a4700000| PB 0x00000000a4700000| Untracked 
| 583|0x00000000a4700000, 0x00000000a4800000, 0x00000000a4800000|100%| O|  |TAMS 0x00000000a4800000| PB 0x00000000a4800000| Updating 
| 584|0x00000000a4800000, 0x00000000a4900000, 0x00000000a4900000|100%| O|  |TAMS 0x00000000a4900000| PB 0x00000000a4900000| Untracked 
| 585|0x00000000a4900000, 0x00000000a4a00000, 0x00000000a4a00000|100%| O|  |TAMS 0x00000000a4a00000| PB 0x00000000a4a00000| Updating 
| 586|0x00000000a4a00000, 0x00000000a4b00000, 0x00000000a4b00000|100%| O|  |TAMS 0x00000000a4b00000| PB 0x00000000a4b00000| Updating 
| 587|0x00000000a4b00000, 0x00000000a4c00000, 0x00000000a4c00000|100%| O|  |TAMS 0x00000000a4c00000| PB 0x00000000a4c00000| Updating 
| 588|0x00000000a4c00000, 0x00000000a4d00000, 0x00000000a4d00000|100%| O|  |TAMS 0x00000000a4d00000| PB 0x00000000a4d00000| Updating 
| 589|0x00000000a4d00000, 0x00000000a4e00000, 0x00000000a4e00000|100%| O|  |TAMS 0x00000000a4e00000| PB 0x00000000a4e00000| Untracked 
| 590|0x00000000a4e00000, 0x00000000a4f00000, 0x00000000a4f00000|100%| O|  |TAMS 0x00000000a4f00000| PB 0x00000000a4f00000| Updating 
| 591|0x00000000a4f00000, 0x00000000a5000000, 0x00000000a5000000|100%| O|  |TAMS 0x00000000a5000000| PB 0x00000000a5000000| Updating 
| 592|0x00000000a5000000, 0x00000000a5100000, 0x00000000a5100000|100%| O|  |TAMS 0x00000000a5100000| PB 0x00000000a5100000| Updating 
| 593|0x00000000a5100000, 0x00000000a5200000, 0x00000000a5200000|100%| O|  |TAMS 0x00000000a5200000| PB 0x00000000a5200000| Untracked 
| 594|0x00000000a5200000, 0x00000000a5300000, 0x00000000a5300000|100%| O|  |TAMS 0x00000000a5300000| PB 0x00000000a5300000| Updating 
| 595|0x00000000a5300000, 0x00000000a5400000, 0x00000000a5400000|100%| O|  |TAMS 0x00000000a5400000| PB 0x00000000a5400000| Untracked 
| 596|0x00000000a5400000, 0x00000000a5500000, 0x00000000a5500000|100%| O|  |TAMS 0x00000000a5500000| PB 0x00000000a5500000| Untracked 
| 597|0x00000000a5500000, 0x00000000a5600000, 0x00000000a5600000|100%| O|  |TAMS 0x00000000a5600000| PB 0x00000000a5600000| Updating 
| 598|0x00000000a5600000, 0x00000000a5700000, 0x00000000a5700000|100%| O|  |TAMS 0x00000000a5700000| PB 0x00000000a5700000| Updating 
| 599|0x00000000a5700000, 0x00000000a5800000, 0x00000000a5800000|100%| O|  |TAMS 0x00000000a5800000| PB 0x00000000a5800000| Updating 
| 600|0x00000000a5800000, 0x00000000a5900000, 0x00000000a5900000|100%| O|  |TAMS 0x00000000a5900000| PB 0x00000000a5900000| Untracked 
| 601|0x00000000a5900000, 0x00000000a5a00000, 0x00000000a5a00000|100%| O|  |TAMS 0x00000000a5a00000| PB 0x00000000a5a00000| Untracked 
| 602|0x00000000a5a00000, 0x00000000a5b00000, 0x00000000a5b00000|100%| O|  |TAMS 0x00000000a5b00000| PB 0x00000000a5b00000| Untracked 
| 603|0x00000000a5b00000, 0x00000000a5c00000, 0x00000000a5c00000|100%| O|  |TAMS 0x00000000a5c00000| PB 0x00000000a5c00000| Untracked 
| 604|0x00000000a5c00000, 0x00000000a5d00000, 0x00000000a5d00000|100%| O|  |TAMS 0x00000000a5d00000| PB 0x00000000a5d00000| Updating 
| 605|0x00000000a5d00000, 0x00000000a5e00000, 0x00000000a5e00000|100%| O|  |TAMS 0x00000000a5e00000| PB 0x00000000a5e00000| Untracked 
| 606|0x00000000a5e00000, 0x00000000a5f00000, 0x00000000a5f00000|100%| O|  |TAMS 0x00000000a5f00000| PB 0x00000000a5f00000| Untracked 
| 607|0x00000000a5f00000, 0x00000000a6000000, 0x00000000a6000000|100%| O|  |TAMS 0x00000000a6000000| PB 0x00000000a6000000| Untracked 
| 608|0x00000000a6000000, 0x00000000a6100000, 0x00000000a6100000|100%| O|  |TAMS 0x00000000a6100000| PB 0x00000000a6100000| Untracked 
| 609|0x00000000a6100000, 0x00000000a6200000, 0x00000000a6200000|100%| O|  |TAMS 0x00000000a6200000| PB 0x00000000a6200000| Untracked 
| 610|0x00000000a6200000, 0x00000000a6300000, 0x00000000a6300000|100%| O|  |TAMS 0x00000000a6300000| PB 0x00000000a6300000| Updating 
| 611|0x00000000a6300000, 0x00000000a6400000, 0x00000000a6400000|100%| O|  |TAMS 0x00000000a6400000| PB 0x00000000a6400000| Updating 
| 612|0x00000000a6400000, 0x00000000a6500000, 0x00000000a6500000|100%| O|  |TAMS 0x00000000a6500000| PB 0x00000000a6500000| Untracked 
| 613|0x00000000a6500000, 0x00000000a6600000, 0x00000000a6600000|100%| O|  |TAMS 0x00000000a6600000| PB 0x00000000a6600000| Untracked 
| 614|0x00000000a6600000, 0x00000000a6700000, 0x00000000a6700000|100%| O|  |TAMS 0x00000000a6700000| PB 0x00000000a6700000| Untracked 
| 615|0x00000000a6700000, 0x00000000a6800000, 0x00000000a6800000|100%| O|  |TAMS 0x00000000a6800000| PB 0x00000000a6800000| Updating 
| 616|0x00000000a6800000, 0x00000000a6900000, 0x00000000a6900000|100%| O|  |TAMS 0x00000000a6900000| PB 0x00000000a6900000| Untracked 
| 617|0x00000000a6900000, 0x00000000a6a00000, 0x00000000a6a00000|100%| O|  |TAMS 0x00000000a6a00000| PB 0x00000000a6a00000| Untracked 
| 618|0x00000000a6a00000, 0x00000000a6b00000, 0x00000000a6b00000|100%| O|  |TAMS 0x00000000a6b00000| PB 0x00000000a6b00000| Untracked 
| 619|0x00000000a6b00000, 0x00000000a6c00000, 0x00000000a6c00000|100%| O|  |TAMS 0x00000000a6c00000| PB 0x00000000a6c00000| Updating 
| 620|0x00000000a6c00000, 0x00000000a6d00000, 0x00000000a6d00000|100%| O|  |TAMS 0x00000000a6d00000| PB 0x00000000a6d00000| Updating 
| 621|0x00000000a6d00000, 0x00000000a6d00000, 0x00000000a6e00000|  0%| F|  |TAMS 0x00000000a6d00000| PB 0x00000000a6d00000| Untracked 
| 622|0x00000000a6e00000, 0x00000000a6f00000, 0x00000000a6f00000|100%| O|  |TAMS 0x00000000a6f00000| PB 0x00000000a6f00000| Updating 
| 623|0x00000000a6f00000, 0x00000000a6f00000, 0x00000000a7000000|  0%| F|  |TAMS 0x00000000a6f00000| PB 0x00000000a6f00000| Untracked 
| 624|0x00000000a7000000, 0x00000000a7100000, 0x00000000a7100000|100%| O|  |TAMS 0x00000000a7100000| PB 0x00000000a7100000| Untracked 
| 625|0x00000000a7100000, 0x00000000a7200000, 0x00000000a7200000|100%| O|  |TAMS 0x00000000a7200000| PB 0x00000000a7200000| Updating 
| 626|0x00000000a7200000, 0x00000000a7300000, 0x00000000a7300000|100%| O|  |TAMS 0x00000000a7300000| PB 0x00000000a7300000| Untracked 
| 627|0x00000000a7300000, 0x00000000a7400000, 0x00000000a7400000|100%| O|  |TAMS 0x00000000a7400000| PB 0x00000000a7400000| Updating 
| 628|0x00000000a7400000, 0x00000000a7500000, 0x00000000a7500000|100%| O|  |TAMS 0x00000000a7500000| PB 0x00000000a7500000| Updating 
| 629|0x00000000a7500000, 0x00000000a7600000, 0x00000000a7600000|100%| O|  |TAMS 0x00000000a7600000| PB 0x00000000a7600000| Updating 
| 630|0x00000000a7600000, 0x00000000a7700000, 0x00000000a7700000|100%| O|  |TAMS 0x00000000a7700000| PB 0x00000000a7700000| Updating 
| 631|0x00000000a7700000, 0x00000000a7800000, 0x00000000a7800000|100%| O|  |TAMS 0x00000000a7800000| PB 0x00000000a7800000| Updating 
| 632|0x00000000a7800000, 0x00000000a7900000, 0x00000000a7900000|100%| O|  |TAMS 0x00000000a7900000| PB 0x00000000a7900000| Updating 
| 633|0x00000000a7900000, 0x00000000a7a00000, 0x00000000a7a00000|100%| O|  |TAMS 0x00000000a7a00000| PB 0x00000000a7a00000| Updating 
| 634|0x00000000a7a00000, 0x00000000a7b00000, 0x00000000a7b00000|100%| O|  |TAMS 0x00000000a7b00000| PB 0x00000000a7b00000| Updating 
| 635|0x00000000a7b00000, 0x00000000a7c00000, 0x00000000a7c00000|100%| O|  |TAMS 0x00000000a7c00000| PB 0x00000000a7c00000| Updating 
| 636|0x00000000a7c00000, 0x00000000a7d00000, 0x00000000a7d00000|100%| O|  |TAMS 0x00000000a7d00000| PB 0x00000000a7d00000| Updating 
| 637|0x00000000a7d00000, 0x00000000a7e00000, 0x00000000a7e00000|100%| O|  |TAMS 0x00000000a7e00000| PB 0x00000000a7e00000| Untracked 
| 638|0x00000000a7e00000, 0x00000000a7f00000, 0x00000000a7f00000|100%| O|  |TAMS 0x00000000a7f00000| PB 0x00000000a7f00000| Updating 
| 639|0x00000000a7f00000, 0x00000000a8000000, 0x00000000a8000000|100%| O|  |TAMS 0x00000000a8000000| PB 0x00000000a8000000| Updating 
| 640|0x00000000a8000000, 0x00000000a8100000, 0x00000000a8100000|100%| O|  |TAMS 0x00000000a8100000| PB 0x00000000a8100000| Updating 
| 641|0x00000000a8100000, 0x00000000a8200000, 0x00000000a8200000|100%| O|  |TAMS 0x00000000a8200000| PB 0x00000000a8200000| Updating 
| 642|0x00000000a8200000, 0x00000000a8300000, 0x00000000a8300000|100%| O|  |TAMS 0x00000000a8300000| PB 0x00000000a8300000| Updating 
| 643|0x00000000a8300000, 0x00000000a8400000, 0x00000000a8400000|100%| O|  |TAMS 0x00000000a8400000| PB 0x00000000a8400000| Updating 
| 644|0x00000000a8400000, 0x00000000a8500000, 0x00000000a8500000|100%| O|  |TAMS 0x00000000a8500000| PB 0x00000000a8500000| Updating 
| 645|0x00000000a8500000, 0x00000000a8600000, 0x00000000a8600000|100%| O|  |TAMS 0x00000000a8600000| PB 0x00000000a8600000| Updating 
| 646|0x00000000a8600000, 0x00000000a8700000, 0x00000000a8700000|100%| O|  |TAMS 0x00000000a8700000| PB 0x00000000a8700000| Updating 
| 647|0x00000000a8700000, 0x00000000a8800000, 0x00000000a8800000|100%| O|  |TAMS 0x00000000a8800000| PB 0x00000000a8800000| Updating 
| 648|0x00000000a8800000, 0x00000000a8900000, 0x00000000a8900000|100%| O|  |TAMS 0x00000000a8900000| PB 0x00000000a8900000| Updating 
| 649|0x00000000a8900000, 0x00000000a8a00000, 0x00000000a8a00000|100%| O|  |TAMS 0x00000000a8a00000| PB 0x00000000a8a00000| Updating 
| 650|0x00000000a8a00000, 0x00000000a8b00000, 0x00000000a8b00000|100%| O|  |TAMS 0x00000000a8b00000| PB 0x00000000a8b00000| Updating 
| 651|0x00000000a8b00000, 0x00000000a8c00000, 0x00000000a8c00000|100%| O|  |TAMS 0x00000000a8c00000| PB 0x00000000a8c00000| Updating 
| 652|0x00000000a8c00000, 0x00000000a8d00000, 0x00000000a8d00000|100%| O|  |TAMS 0x00000000a8d00000| PB 0x00000000a8d00000| Updating 
| 653|0x00000000a8d00000, 0x00000000a8e00000, 0x00000000a8e00000|100%| O|  |TAMS 0x00000000a8e00000| PB 0x00000000a8e00000| Updating 
| 654|0x00000000a8e00000, 0x00000000a8f00000, 0x00000000a8f00000|100%| O|  |TAMS 0x00000000a8f00000| PB 0x00000000a8f00000| Updating 
| 655|0x00000000a8f00000, 0x00000000a9000000, 0x00000000a9000000|100%| O|  |TAMS 0x00000000a9000000| PB 0x00000000a9000000| Updating 
| 656|0x00000000a9000000, 0x00000000a9100000, 0x00000000a9100000|100%| O|  |TAMS 0x00000000a9100000| PB 0x00000000a9100000| Updating 
| 657|0x00000000a9100000, 0x00000000a9200000, 0x00000000a9200000|100%| O|  |TAMS 0x00000000a9200000| PB 0x00000000a9200000| Updating 
| 658|0x00000000a9200000, 0x00000000a9300000, 0x00000000a9300000|100%| O|  |TAMS 0x00000000a9300000| PB 0x00000000a9300000| Updating 
| 659|0x00000000a9300000, 0x00000000a9400000, 0x00000000a9400000|100%| O|  |TAMS 0x00000000a9400000| PB 0x00000000a9400000| Updating 
| 660|0x00000000a9400000, 0x00000000a9500000, 0x00000000a9500000|100%| O|  |TAMS 0x00000000a9500000| PB 0x00000000a9500000| Updating 
| 661|0x00000000a9500000, 0x00000000a9600000, 0x00000000a9600000|100%| O|  |TAMS 0x00000000a9600000| PB 0x00000000a9600000| Updating 
| 662|0x00000000a9600000, 0x00000000a9700000, 0x00000000a9700000|100%| O|  |TAMS 0x00000000a9700000| PB 0x00000000a9700000| Updating 
| 663|0x00000000a9700000, 0x00000000a9800000, 0x00000000a9800000|100%| O|  |TAMS 0x00000000a9800000| PB 0x00000000a9800000| Untracked 
| 664|0x00000000a9800000, 0x00000000a9900000, 0x00000000a9900000|100%| O|  |TAMS 0x00000000a9900000| PB 0x00000000a9900000| Untracked 
| 665|0x00000000a9900000, 0x00000000a9a00000, 0x00000000a9a00000|100%| O|  |TAMS 0x00000000a9a00000| PB 0x00000000a9a00000| Untracked 
| 666|0x00000000a9a00000, 0x00000000a9b00000, 0x00000000a9b00000|100%| O|  |TAMS 0x00000000a9b00000| PB 0x00000000a9b00000| Untracked 
| 667|0x00000000a9b00000, 0x00000000a9c00000, 0x00000000a9c00000|100%| O|  |TAMS 0x00000000a9c00000| PB 0x00000000a9c00000| Untracked 
| 668|0x00000000a9c00000, 0x00000000a9d00000, 0x00000000a9d00000|100%| O|  |TAMS 0x00000000a9d00000| PB 0x00000000a9d00000| Untracked 
| 669|0x00000000a9d00000, 0x00000000a9e00000, 0x00000000a9e00000|100%| O|  |TAMS 0x00000000a9e00000| PB 0x00000000a9e00000| Untracked 
| 670|0x00000000a9e00000, 0x00000000a9f00000, 0x00000000a9f00000|100%| O|  |TAMS 0x00000000a9f00000| PB 0x00000000a9f00000| Untracked 
| 671|0x00000000a9f00000, 0x00000000aa000000, 0x00000000aa000000|100%| O|  |TAMS 0x00000000aa000000| PB 0x00000000aa000000| Untracked 
| 672|0x00000000aa000000, 0x00000000aa100000, 0x00000000aa100000|100%| O|  |TAMS 0x00000000aa100000| PB 0x00000000aa100000| Untracked 
| 673|0x00000000aa100000, 0x00000000aa200000, 0x00000000aa200000|100%| O|  |TAMS 0x00000000aa200000| PB 0x00000000aa200000| Untracked 
| 674|0x00000000aa200000, 0x00000000aa300000, 0x00000000aa300000|100%| O|  |TAMS 0x00000000aa300000| PB 0x00000000aa300000| Updating 
| 675|0x00000000aa300000, 0x00000000aa400000, 0x00000000aa400000|100%| O|  |TAMS 0x00000000aa400000| PB 0x00000000aa400000| Updating 
| 676|0x00000000aa400000, 0x00000000aa500000, 0x00000000aa500000|100%| O|  |TAMS 0x00000000aa500000| PB 0x00000000aa500000| Updating 
| 677|0x00000000aa500000, 0x00000000aa600000, 0x00000000aa600000|100%| O|  |TAMS 0x00000000aa600000| PB 0x00000000aa600000| Updating 
| 678|0x00000000aa600000, 0x00000000aa700000, 0x00000000aa700000|100%| O|  |TAMS 0x00000000aa700000| PB 0x00000000aa700000| Updating 
| 679|0x00000000aa700000, 0x00000000aa800000, 0x00000000aa800000|100%| O|  |TAMS 0x00000000aa800000| PB 0x00000000aa800000| Updating 
| 680|0x00000000aa800000, 0x00000000aa900000, 0x00000000aa900000|100%| O|  |TAMS 0x00000000aa900000| PB 0x00000000aa900000| Updating 
| 681|0x00000000aa900000, 0x00000000aaa00000, 0x00000000aaa00000|100%| O|  |TAMS 0x00000000aaa00000| PB 0x00000000aaa00000| Updating 
| 682|0x00000000aaa00000, 0x00000000aab00000, 0x00000000aab00000|100%| O|  |TAMS 0x00000000aab00000| PB 0x00000000aab00000| Updating 
| 683|0x00000000aab00000, 0x00000000aac00000, 0x00000000aac00000|100%| O|  |TAMS 0x00000000aac00000| PB 0x00000000aac00000| Updating 
| 684|0x00000000aac00000, 0x00000000aad00000, 0x00000000aad00000|100%| O|  |TAMS 0x00000000aad00000| PB 0x00000000aad00000| Updating 
| 685|0x00000000aad00000, 0x00000000aae00000, 0x00000000aae00000|100%| O|  |TAMS 0x00000000aae00000| PB 0x00000000aae00000| Updating 
| 686|0x00000000aae00000, 0x00000000aaf00000, 0x00000000aaf00000|100%| O|  |TAMS 0x00000000aaf00000| PB 0x00000000aaf00000| Untracked 
| 687|0x00000000aaf00000, 0x00000000ab000000, 0x00000000ab000000|100%| O|  |TAMS 0x00000000ab000000| PB 0x00000000ab000000| Updating 
| 688|0x00000000ab000000, 0x00000000ab100000, 0x00000000ab100000|100%| O|  |TAMS 0x00000000ab100000| PB 0x00000000ab100000| Updating 
| 689|0x00000000ab100000, 0x00000000ab200000, 0x00000000ab200000|100%| O|  |TAMS 0x00000000ab200000| PB 0x00000000ab200000| Updating 
| 690|0x00000000ab200000, 0x00000000ab300000, 0x00000000ab300000|100%| O|  |TAMS 0x00000000ab300000| PB 0x00000000ab300000| Updating 
| 691|0x00000000ab300000, 0x00000000ab400000, 0x00000000ab400000|100%| O|  |TAMS 0x00000000ab400000| PB 0x00000000ab400000| Untracked 
| 692|0x00000000ab400000, 0x00000000ab500000, 0x00000000ab500000|100%| O|  |TAMS 0x00000000ab500000| PB 0x00000000ab500000| Untracked 
| 693|0x00000000ab500000, 0x00000000ab600000, 0x00000000ab600000|100%| O|  |TAMS 0x00000000ab600000| PB 0x00000000ab600000| Untracked 
| 694|0x00000000ab600000, 0x00000000ab700000, 0x00000000ab700000|100%| O|  |TAMS 0x00000000ab700000| PB 0x00000000ab700000| Updating 
| 695|0x00000000ab700000, 0x00000000ab800000, 0x00000000ab800000|100%| O|  |TAMS 0x00000000ab800000| PB 0x00000000ab800000| Untracked 
| 696|0x00000000ab800000, 0x00000000ab900000, 0x00000000ab900000|100%| O|  |TAMS 0x00000000ab900000| PB 0x00000000ab900000| Untracked 
| 697|0x00000000ab900000, 0x00000000aba00000, 0x00000000aba00000|100%| O|  |TAMS 0x00000000aba00000| PB 0x00000000aba00000| Untracked 
| 698|0x00000000aba00000, 0x00000000abb00000, 0x00000000abb00000|100%| O|  |TAMS 0x00000000abb00000| PB 0x00000000abb00000| Untracked 
| 699|0x00000000abb00000, 0x00000000abc00000, 0x00000000abc00000|100%| O|  |TAMS 0x00000000abc00000| PB 0x00000000abc00000| Untracked 
| 700|0x00000000abc00000, 0x00000000abd00000, 0x00000000abd00000|100%| O|  |TAMS 0x00000000abd00000| PB 0x00000000abd00000| Untracked 
| 701|0x00000000abd00000, 0x00000000abe00000, 0x00000000abe00000|100%| O|  |TAMS 0x00000000abe00000| PB 0x00000000abe00000| Updating 
| 702|0x00000000abe00000, 0x00000000abf00000, 0x00000000abf00000|100%| O|  |TAMS 0x00000000abf00000| PB 0x00000000abf00000| Updating 
| 703|0x00000000abf00000, 0x00000000ac000000, 0x00000000ac000000|100%| O|  |TAMS 0x00000000ac000000| PB 0x00000000ac000000| Updating 
| 704|0x00000000ac000000, 0x00000000ac000000, 0x00000000ac100000|  0%| F|  |TAMS 0x00000000ac000000| PB 0x00000000ac000000| Untracked 
| 705|0x00000000ac100000, 0x00000000ac100000, 0x00000000ac200000|  0%| F|  |TAMS 0x00000000ac100000| PB 0x00000000ac100000| Untracked 
| 706|0x00000000ac200000, 0x00000000ac200000, 0x00000000ac300000|  0%| F|  |TAMS 0x00000000ac200000| PB 0x00000000ac200000| Untracked 
| 707|0x00000000ac300000, 0x00000000ac300000, 0x00000000ac400000|  0%| F|  |TAMS 0x00000000ac300000| PB 0x00000000ac300000| Untracked 
| 708|0x00000000ac400000, 0x00000000ac400000, 0x00000000ac500000|  0%| F|  |TAMS 0x00000000ac400000| PB 0x00000000ac400000| Untracked 
| 709|0x00000000ac500000, 0x00000000ac500000, 0x00000000ac600000|  0%| F|  |TAMS 0x00000000ac500000| PB 0x00000000ac500000| Untracked 
| 710|0x00000000ac600000, 0x00000000ac600000, 0x00000000ac700000|  0%| F|  |TAMS 0x00000000ac600000| PB 0x00000000ac600000| Untracked 
| 711|0x00000000ac700000, 0x00000000ac700000, 0x00000000ac800000|  0%| F|  |TAMS 0x00000000ac700000| PB 0x00000000ac700000| Untracked 
| 712|0x00000000ac800000, 0x00000000ac800000, 0x00000000ac900000|  0%| F|  |TAMS 0x00000000ac800000| PB 0x00000000ac800000| Untracked 
| 713|0x00000000ac900000, 0x00000000ac900000, 0x00000000aca00000|  0%| F|  |TAMS 0x00000000ac900000| PB 0x00000000ac900000| Untracked 
| 714|0x00000000aca00000, 0x00000000aca00000, 0x00000000acb00000|  0%| F|  |TAMS 0x00000000aca00000| PB 0x00000000aca00000| Untracked 
| 715|0x00000000acb00000, 0x00000000acb00000, 0x00000000acc00000|  0%| F|  |TAMS 0x00000000acb00000| PB 0x00000000acb00000| Untracked 
| 716|0x00000000acc00000, 0x00000000acc00000, 0x00000000acd00000|  0%| F|  |TAMS 0x00000000acc00000| PB 0x00000000acc00000| Untracked 
| 717|0x00000000acd00000, 0x00000000acd00000, 0x00000000ace00000|  0%| F|  |TAMS 0x00000000acd00000| PB 0x00000000acd00000| Untracked 
| 718|0x00000000ace00000, 0x00000000ace00000, 0x00000000acf00000|  0%| F|  |TAMS 0x00000000ace00000| PB 0x00000000ace00000| Untracked 
| 719|0x00000000acf00000, 0x00000000acf00000, 0x00000000ad000000|  0%| F|  |TAMS 0x00000000acf00000| PB 0x00000000acf00000| Untracked 
| 720|0x00000000ad000000, 0x00000000ad100000, 0x00000000ad100000|100%| S|CS|TAMS 0x00000000ad000000| PB 0x00000000ad000000| Complete 
| 721|0x00000000ad100000, 0x00000000ad200000, 0x00000000ad200000|100%| S|CS|TAMS 0x00000000ad100000| PB 0x00000000ad100000| Complete 
| 722|0x00000000ad200000, 0x00000000ad300000, 0x00000000ad300000|100%| S|CS|TAMS 0x00000000ad200000| PB 0x00000000ad200000| Complete 
| 723|0x00000000ad300000, 0x00000000ad400000, 0x00000000ad400000|100%| S|CS|TAMS 0x00000000ad300000| PB 0x00000000ad300000| Complete 
| 724|0x00000000ad400000, 0x00000000ad500000, 0x00000000ad500000|100%| S|CS|TAMS 0x00000000ad400000| PB 0x00000000ad400000| Complete 
| 725|0x00000000ad500000, 0x00000000ad600000, 0x00000000ad600000|100%| S|CS|TAMS 0x00000000ad500000| PB 0x00000000ad500000| Complete 
| 726|0x00000000ad600000, 0x00000000ad700000, 0x00000000ad700000|100%| S|CS|TAMS 0x00000000ad600000| PB 0x00000000ad600000| Complete 
| 727|0x00000000ad700000, 0x00000000ad800000, 0x00000000ad800000|100%| S|CS|TAMS 0x00000000ad700000| PB 0x00000000ad700000| Complete 
| 728|0x00000000ad800000, 0x00000000ad900000, 0x00000000ad900000|100%| S|CS|TAMS 0x00000000ad800000| PB 0x00000000ad800000| Complete 
| 729|0x00000000ad900000, 0x00000000ada00000, 0x00000000ada00000|100%| S|CS|TAMS 0x00000000ad900000| PB 0x00000000ad900000| Complete 
| 730|0x00000000ada00000, 0x00000000adb00000, 0x00000000adb00000|100%| S|CS|TAMS 0x00000000ada00000| PB 0x00000000ada00000| Complete 
| 731|0x00000000adb00000, 0x00000000adc00000, 0x00000000adc00000|100%| S|CS|TAMS 0x00000000adb00000| PB 0x00000000adb00000| Complete 
| 732|0x00000000adc00000, 0x00000000add00000, 0x00000000add00000|100%| S|CS|TAMS 0x00000000adc00000| PB 0x00000000adc00000| Complete 
| 733|0x00000000add00000, 0x00000000ade00000, 0x00000000ade00000|100%| S|CS|TAMS 0x00000000add00000| PB 0x00000000add00000| Complete 
| 734|0x00000000ade00000, 0x00000000adf00000, 0x00000000adf00000|100%| S|CS|TAMS 0x00000000ade00000| PB 0x00000000ade00000| Complete 
| 735|0x00000000adf00000, 0x00000000ae000000, 0x00000000ae000000|100%| S|CS|TAMS 0x00000000adf00000| PB 0x00000000adf00000| Complete 
| 736|0x00000000ae000000, 0x00000000ae000000, 0x00000000ae100000|  0%| F|  |TAMS 0x00000000ae000000| PB 0x00000000ae000000| Untracked 
| 737|0x00000000ae100000, 0x00000000ae100000, 0x00000000ae200000|  0%| F|  |TAMS 0x00000000ae100000| PB 0x00000000ae100000| Untracked 
| 738|0x00000000ae200000, 0x00000000ae200000, 0x00000000ae300000|  0%| F|  |TAMS 0x00000000ae200000| PB 0x00000000ae200000| Untracked 
| 739|0x00000000ae300000, 0x00000000ae300000, 0x00000000ae400000|  0%| F|  |TAMS 0x00000000ae300000| PB 0x00000000ae300000| Untracked 
| 740|0x00000000ae400000, 0x00000000ae400000, 0x00000000ae500000|  0%| F|  |TAMS 0x00000000ae400000| PB 0x00000000ae400000| Untracked 
| 741|0x00000000ae500000, 0x00000000ae500000, 0x00000000ae600000|  0%| F|  |TAMS 0x00000000ae500000| PB 0x00000000ae500000| Untracked 
| 742|0x00000000ae600000, 0x00000000ae600000, 0x00000000ae700000|  0%| F|  |TAMS 0x00000000ae600000| PB 0x00000000ae600000| Untracked 
| 743|0x00000000ae700000, 0x00000000ae700000, 0x00000000ae800000|  0%| F|  |TAMS 0x00000000ae700000| PB 0x00000000ae700000| Untracked 
| 744|0x00000000ae800000, 0x00000000ae800000, 0x00000000ae900000|  0%| F|  |TAMS 0x00000000ae800000| PB 0x00000000ae800000| Untracked 
| 745|0x00000000ae900000, 0x00000000ae900000, 0x00000000aea00000|  0%| F|  |TAMS 0x00000000ae900000| PB 0x00000000ae900000| Untracked 
| 746|0x00000000aea00000, 0x00000000aea00000, 0x00000000aeb00000|  0%| F|  |TAMS 0x00000000aea00000| PB 0x00000000aea00000| Untracked 
| 747|0x00000000aeb00000, 0x00000000aeb00000, 0x00000000aec00000|  0%| F|  |TAMS 0x00000000aeb00000| PB 0x00000000aeb00000| Untracked 
| 748|0x00000000aec00000, 0x00000000aec00000, 0x00000000aed00000|  0%| F|  |TAMS 0x00000000aec00000| PB 0x00000000aec00000| Untracked 
| 749|0x00000000aed00000, 0x00000000aed00000, 0x00000000aee00000|  0%| F|  |TAMS 0x00000000aed00000| PB 0x00000000aed00000| Untracked 
| 750|0x00000000aee00000, 0x00000000aee00000, 0x00000000aef00000|  0%| F|  |TAMS 0x00000000aee00000| PB 0x00000000aee00000| Untracked 
| 751|0x00000000aef00000, 0x00000000aef00000, 0x00000000af000000|  0%| F|  |TAMS 0x00000000aef00000| PB 0x00000000aef00000| Untracked 
| 752|0x00000000af000000, 0x00000000af000000, 0x00000000af100000|  0%| F|  |TAMS 0x00000000af000000| PB 0x00000000af000000| Untracked 
| 753|0x00000000af100000, 0x00000000af200000, 0x00000000af200000|100%| S|CS|TAMS 0x00000000af100000| PB 0x00000000af100000| Complete 
| 754|0x00000000af200000, 0x00000000af300000, 0x00000000af300000|100%| S|CS|TAMS 0x00000000af200000| PB 0x00000000af200000| Complete 
| 755|0x00000000af300000, 0x00000000af400000, 0x00000000af400000|100%| S|CS|TAMS 0x00000000af300000| PB 0x00000000af300000| Complete 
| 756|0x00000000af400000, 0x00000000af500000, 0x00000000af500000|100%| S|CS|TAMS 0x00000000af400000| PB 0x00000000af400000| Complete 
| 757|0x00000000af500000, 0x00000000af600000, 0x00000000af600000|100%| S|CS|TAMS 0x00000000af500000| PB 0x00000000af500000| Complete 
| 758|0x00000000af600000, 0x00000000af700000, 0x00000000af700000|100%| S|CS|TAMS 0x00000000af600000| PB 0x00000000af600000| Complete 
| 759|0x00000000af700000, 0x00000000af800000, 0x00000000af800000|100%| S|CS|TAMS 0x00000000af700000| PB 0x00000000af700000| Complete 
| 760|0x00000000af800000, 0x00000000af900000, 0x00000000af900000|100%| S|CS|TAMS 0x00000000af800000| PB 0x00000000af800000| Complete 
| 761|0x00000000af900000, 0x00000000afa00000, 0x00000000afa00000|100%| S|CS|TAMS 0x00000000af900000| PB 0x00000000af900000| Complete 
| 762|0x00000000afa00000, 0x00000000afb00000, 0x00000000afb00000|100%| S|CS|TAMS 0x00000000afa00000| PB 0x00000000afa00000| Complete 
| 763|0x00000000afb00000, 0x00000000afc00000, 0x00000000afc00000|100%| S|CS|TAMS 0x00000000afb00000| PB 0x00000000afb00000| Complete 
| 764|0x00000000afc00000, 0x00000000afd00000, 0x00000000afd00000|100%| S|CS|TAMS 0x00000000afc00000| PB 0x00000000afc00000| Complete 
| 765|0x00000000afd00000, 0x00000000afe00000, 0x00000000afe00000|100%| S|CS|TAMS 0x00000000afd00000| PB 0x00000000afd00000| Complete 
| 766|0x00000000afe00000, 0x00000000aff00000, 0x00000000aff00000|100%| S|CS|TAMS 0x00000000afe00000| PB 0x00000000afe00000| Complete 
| 767|0x00000000aff00000, 0x00000000b0000000, 0x00000000b0000000|100%| S|CS|TAMS 0x00000000aff00000| PB 0x00000000aff00000| Complete 
| 768|0x00000000b0000000, 0x00000000b0100000, 0x00000000b0100000|100%| S|CS|TAMS 0x00000000b0000000| PB 0x00000000b0000000| Complete 
| 769|0x00000000b0100000, 0x00000000b0200000, 0x00000000b0200000|100%| S|CS|TAMS 0x00000000b0100000| PB 0x00000000b0100000| Complete 
| 770|0x00000000b0200000, 0x00000000b0300000, 0x00000000b0300000|100%| S|CS|TAMS 0x00000000b0200000| PB 0x00000000b0200000| Complete 
| 771|0x00000000b0300000, 0x00000000b0400000, 0x00000000b0400000|100%| S|CS|TAMS 0x00000000b0300000| PB 0x00000000b0300000| Complete 
| 772|0x00000000b0400000, 0x00000000b0500000, 0x00000000b0500000|100%| S|CS|TAMS 0x00000000b0400000| PB 0x00000000b0400000| Complete 
| 773|0x00000000b0500000, 0x00000000b0600000, 0x00000000b0600000|100%| S|CS|TAMS 0x00000000b0500000| PB 0x00000000b0500000| Complete 
| 774|0x00000000b0600000, 0x00000000b0700000, 0x00000000b0700000|100%| S|CS|TAMS 0x00000000b0600000| PB 0x00000000b0600000| Complete 
| 775|0x00000000b0700000, 0x00000000b0800000, 0x00000000b0800000|100%| S|CS|TAMS 0x00000000b0700000| PB 0x00000000b0700000| Complete 
| 776|0x00000000b0800000, 0x00000000b0800000, 0x00000000b0900000|  0%| F|  |TAMS 0x00000000b0800000| PB 0x00000000b0800000| Untracked 
| 777|0x00000000b0900000, 0x00000000b0900000, 0x00000000b0a00000|  0%| F|  |TAMS 0x00000000b0900000| PB 0x00000000b0900000| Untracked 
| 778|0x00000000b0a00000, 0x00000000b0a00000, 0x00000000b0b00000|  0%| F|  |TAMS 0x00000000b0a00000| PB 0x00000000b0a00000| Untracked 
| 779|0x00000000b0b00000, 0x00000000b0b00000, 0x00000000b0c00000|  0%| F|  |TAMS 0x00000000b0b00000| PB 0x00000000b0b00000| Untracked 
| 780|0x00000000b0c00000, 0x00000000b0c00000, 0x00000000b0d00000|  0%| F|  |TAMS 0x00000000b0c00000| PB 0x00000000b0c00000| Untracked 
| 781|0x00000000b0d00000, 0x00000000b0d00000, 0x00000000b0e00000|  0%| F|  |TAMS 0x00000000b0d00000| PB 0x00000000b0d00000| Untracked 
| 782|0x00000000b0e00000, 0x00000000b0e00000, 0x00000000b0f00000|  0%| F|  |TAMS 0x00000000b0e00000| PB 0x00000000b0e00000| Untracked 
| 783|0x00000000b0f00000, 0x00000000b0f00000, 0x00000000b1000000|  0%| F|  |TAMS 0x00000000b0f00000| PB 0x00000000b0f00000| Untracked 
| 784|0x00000000b1000000, 0x00000000b1000000, 0x00000000b1100000|  0%| F|  |TAMS 0x00000000b1000000| PB 0x00000000b1000000| Untracked 
| 785|0x00000000b1100000, 0x00000000b1100000, 0x00000000b1200000|  0%| F|  |TAMS 0x00000000b1100000| PB 0x00000000b1100000| Untracked 
| 786|0x00000000b1200000, 0x00000000b1200000, 0x00000000b1300000|  0%| F|  |TAMS 0x00000000b1200000| PB 0x00000000b1200000| Untracked 
| 787|0x00000000b1300000, 0x00000000b1300000, 0x00000000b1400000|  0%| F|  |TAMS 0x00000000b1300000| PB 0x00000000b1300000| Untracked 
| 788|0x00000000b1400000, 0x00000000b1400000, 0x00000000b1500000|  0%| F|  |TAMS 0x00000000b1400000| PB 0x00000000b1400000| Untracked 
| 789|0x00000000b1500000, 0x00000000b1500000, 0x00000000b1600000|  0%| F|  |TAMS 0x00000000b1500000| PB 0x00000000b1500000| Untracked 
| 790|0x00000000b1600000, 0x00000000b1600000, 0x00000000b1700000|  0%| F|  |TAMS 0x00000000b1600000| PB 0x00000000b1600000| Untracked 
| 791|0x00000000b1700000, 0x00000000b1700000, 0x00000000b1800000|  0%| F|  |TAMS 0x00000000b1700000| PB 0x00000000b1700000| Untracked 
| 792|0x00000000b1800000, 0x00000000b1800000, 0x00000000b1900000|  0%| F|  |TAMS 0x00000000b1800000| PB 0x00000000b1800000| Untracked 
| 793|0x00000000b1900000, 0x00000000b1900000, 0x00000000b1a00000|  0%| F|  |TAMS 0x00000000b1900000| PB 0x00000000b1900000| Untracked 
| 794|0x00000000b1a00000, 0x00000000b1a00000, 0x00000000b1b00000|  0%| F|  |TAMS 0x00000000b1a00000| PB 0x00000000b1a00000| Untracked 
| 795|0x00000000b1b00000, 0x00000000b1b00000, 0x00000000b1c00000|  0%| F|  |TAMS 0x00000000b1b00000| PB 0x00000000b1b00000| Untracked 
| 796|0x00000000b1c00000, 0x00000000b1c00000, 0x00000000b1d00000|  0%| F|  |TAMS 0x00000000b1c00000| PB 0x00000000b1c00000| Untracked 
| 797|0x00000000b1d00000, 0x00000000b1d00000, 0x00000000b1e00000|  0%| F|  |TAMS 0x00000000b1d00000| PB 0x00000000b1d00000| Untracked 
| 798|0x00000000b1e00000, 0x00000000b1e00000, 0x00000000b1f00000|  0%| F|  |TAMS 0x00000000b1e00000| PB 0x00000000b1e00000| Untracked 
| 799|0x00000000b1f00000, 0x00000000b1f00000, 0x00000000b2000000|  0%| F|  |TAMS 0x00000000b1f00000| PB 0x00000000b1f00000| Untracked 
| 800|0x00000000b2000000, 0x00000000b2000000, 0x00000000b2100000|  0%| F|  |TAMS 0x00000000b2000000| PB 0x00000000b2000000| Untracked 
| 801|0x00000000b2100000, 0x00000000b2100000, 0x00000000b2200000|  0%| F|  |TAMS 0x00000000b2100000| PB 0x00000000b2100000| Untracked 
| 802|0x00000000b2200000, 0x00000000b2200000, 0x00000000b2300000|  0%| F|  |TAMS 0x00000000b2200000| PB 0x00000000b2200000| Untracked 
| 803|0x00000000b2300000, 0x00000000b2300000, 0x00000000b2400000|  0%| F|  |TAMS 0x00000000b2300000| PB 0x00000000b2300000| Untracked 
| 804|0x00000000b2400000, 0x00000000b2400000, 0x00000000b2500000|  0%| F|  |TAMS 0x00000000b2400000| PB 0x00000000b2400000| Untracked 
| 805|0x00000000b2500000, 0x00000000b2500000, 0x00000000b2600000|  0%| F|  |TAMS 0x00000000b2500000| PB 0x00000000b2500000| Untracked 
| 806|0x00000000b2600000, 0x00000000b2600000, 0x00000000b2700000|  0%| F|  |TAMS 0x00000000b2600000| PB 0x00000000b2600000| Untracked 
| 807|0x00000000b2700000, 0x00000000b2700000, 0x00000000b2800000|  0%| F|  |TAMS 0x00000000b2700000| PB 0x00000000b2700000| Untracked 
| 808|0x00000000b2800000, 0x00000000b2800000, 0x00000000b2900000|  0%| F|  |TAMS 0x00000000b2800000| PB 0x00000000b2800000| Untracked 
| 809|0x00000000b2900000, 0x00000000b2900000, 0x00000000b2a00000|  0%| F|  |TAMS 0x00000000b2900000| PB 0x00000000b2900000| Untracked 
| 810|0x00000000b2a00000, 0x00000000b2a00000, 0x00000000b2b00000|  0%| F|  |TAMS 0x00000000b2a00000| PB 0x00000000b2a00000| Untracked 
| 811|0x00000000b2b00000, 0x00000000b2b00000, 0x00000000b2c00000|  0%| F|  |TAMS 0x00000000b2b00000| PB 0x00000000b2b00000| Untracked 
| 812|0x00000000b2c00000, 0x00000000b2c00000, 0x00000000b2d00000|  0%| F|  |TAMS 0x00000000b2c00000| PB 0x00000000b2c00000| Untracked 
| 813|0x00000000b2d00000, 0x00000000b2d00000, 0x00000000b2e00000|  0%| F|  |TAMS 0x00000000b2d00000| PB 0x00000000b2d00000| Untracked 
| 814|0x00000000b2e00000, 0x00000000b2e00000, 0x00000000b2f00000|  0%| F|  |TAMS 0x00000000b2e00000| PB 0x00000000b2e00000| Untracked 
| 815|0x00000000b2f00000, 0x00000000b2f00000, 0x00000000b3000000|  0%| F|  |TAMS 0x00000000b2f00000| PB 0x00000000b2f00000| Untracked 
| 816|0x00000000b3000000, 0x00000000b3000000, 0x00000000b3100000|  0%| F|  |TAMS 0x00000000b3000000| PB 0x00000000b3000000| Untracked 
| 817|0x00000000b3100000, 0x00000000b3100000, 0x00000000b3200000|  0%| F|  |TAMS 0x00000000b3100000| PB 0x00000000b3100000| Untracked 
| 818|0x00000000b3200000, 0x00000000b3200000, 0x00000000b3300000|  0%| F|  |TAMS 0x00000000b3200000| PB 0x00000000b3200000| Untracked 
| 819|0x00000000b3300000, 0x00000000b3300000, 0x00000000b3400000|  0%| F|  |TAMS 0x00000000b3300000| PB 0x00000000b3300000| Untracked 
| 820|0x00000000b3400000, 0x00000000b3400000, 0x00000000b3500000|  0%| F|  |TAMS 0x00000000b3400000| PB 0x00000000b3400000| Untracked 
| 821|0x00000000b3500000, 0x00000000b3500000, 0x00000000b3600000|  0%| F|  |TAMS 0x00000000b3500000| PB 0x00000000b3500000| Untracked 
| 822|0x00000000b3600000, 0x00000000b3600000, 0x00000000b3700000|  0%| F|  |TAMS 0x00000000b3600000| PB 0x00000000b3600000| Untracked 
| 823|0x00000000b3700000, 0x00000000b3700000, 0x00000000b3800000|  0%| F|  |TAMS 0x00000000b3700000| PB 0x00000000b3700000| Untracked 
| 824|0x00000000b3800000, 0x00000000b3800000, 0x00000000b3900000|  0%| F|  |TAMS 0x00000000b3800000| PB 0x00000000b3800000| Untracked 
| 825|0x00000000b3900000, 0x00000000b3900000, 0x00000000b3a00000|  0%| F|  |TAMS 0x00000000b3900000| PB 0x00000000b3900000| Untracked 
| 826|0x00000000b3a00000, 0x00000000b3a00000, 0x00000000b3b00000|  0%| F|  |TAMS 0x00000000b3a00000| PB 0x00000000b3a00000| Untracked 
| 827|0x00000000b3b00000, 0x00000000b3b00000, 0x00000000b3c00000|  0%| F|  |TAMS 0x00000000b3b00000| PB 0x00000000b3b00000| Untracked 
| 828|0x00000000b3c00000, 0x00000000b3c00000, 0x00000000b3d00000|  0%| F|  |TAMS 0x00000000b3c00000| PB 0x00000000b3c00000| Untracked 
| 829|0x00000000b3d00000, 0x00000000b3d00000, 0x00000000b3e00000|  0%| F|  |TAMS 0x00000000b3d00000| PB 0x00000000b3d00000| Untracked 
| 830|0x00000000b3e00000, 0x00000000b3e00000, 0x00000000b3f00000|  0%| F|  |TAMS 0x00000000b3e00000| PB 0x00000000b3e00000| Untracked 
| 831|0x00000000b3f00000, 0x00000000b3f00000, 0x00000000b4000000|  0%| F|  |TAMS 0x00000000b3f00000| PB 0x00000000b3f00000| Untracked 
| 832|0x00000000b4000000, 0x00000000b4000000, 0x00000000b4100000|  0%| F|  |TAMS 0x00000000b4000000| PB 0x00000000b4000000| Untracked 
| 833|0x00000000b4100000, 0x00000000b4100000, 0x00000000b4200000|  0%| F|  |TAMS 0x00000000b4100000| PB 0x00000000b4100000| Untracked 
| 834|0x00000000b4200000, 0x00000000b4200000, 0x00000000b4300000|  0%| F|  |TAMS 0x00000000b4200000| PB 0x00000000b4200000| Untracked 
| 835|0x00000000b4300000, 0x00000000b4300000, 0x00000000b4400000|  0%| F|  |TAMS 0x00000000b4300000| PB 0x00000000b4300000| Untracked 
| 836|0x00000000b4400000, 0x00000000b4400000, 0x00000000b4500000|  0%| F|  |TAMS 0x00000000b4400000| PB 0x00000000b4400000| Untracked 
| 837|0x00000000b4500000, 0x00000000b4500000, 0x00000000b4600000|  0%| F|  |TAMS 0x00000000b4500000| PB 0x00000000b4500000| Untracked 
| 838|0x00000000b4600000, 0x00000000b4600000, 0x00000000b4700000|  0%| F|  |TAMS 0x00000000b4600000| PB 0x00000000b4600000| Untracked 
| 839|0x00000000b4700000, 0x00000000b4700000, 0x00000000b4800000|  0%| F|  |TAMS 0x00000000b4700000| PB 0x00000000b4700000| Untracked 
| 840|0x00000000b4800000, 0x00000000b4800000, 0x00000000b4900000|  0%| F|  |TAMS 0x00000000b4800000| PB 0x00000000b4800000| Untracked 
| 841|0x00000000b4900000, 0x00000000b4900000, 0x00000000b4a00000|  0%| F|  |TAMS 0x00000000b4900000| PB 0x00000000b4900000| Untracked 
| 842|0x00000000b4a00000, 0x00000000b4a00000, 0x00000000b4b00000|  0%| F|  |TAMS 0x00000000b4a00000| PB 0x00000000b4a00000| Untracked 
| 843|0x00000000b4b00000, 0x00000000b4b00000, 0x00000000b4c00000|  0%| F|  |TAMS 0x00000000b4b00000| PB 0x00000000b4b00000| Untracked 
| 844|0x00000000b4c00000, 0x00000000b4c00000, 0x00000000b4d00000|  0%| F|  |TAMS 0x00000000b4c00000| PB 0x00000000b4c00000| Untracked 
| 845|0x00000000b4d00000, 0x00000000b4d00000, 0x00000000b4e00000|  0%| F|  |TAMS 0x00000000b4d00000| PB 0x00000000b4d00000| Untracked 
| 846|0x00000000b4e00000, 0x00000000b4e00000, 0x00000000b4f00000|  0%| F|  |TAMS 0x00000000b4e00000| PB 0x00000000b4e00000| Untracked 
| 847|0x00000000b4f00000, 0x00000000b4f00000, 0x00000000b5000000|  0%| F|  |TAMS 0x00000000b4f00000| PB 0x00000000b4f00000| Untracked 
| 848|0x00000000b5000000, 0x00000000b5000000, 0x00000000b5100000|  0%| F|  |TAMS 0x00000000b5000000| PB 0x00000000b5000000| Untracked 
| 849|0x00000000b5100000, 0x00000000b5100000, 0x00000000b5200000|  0%| F|  |TAMS 0x00000000b5100000| PB 0x00000000b5100000| Untracked 
| 850|0x00000000b5200000, 0x00000000b5200000, 0x00000000b5300000|  0%| F|  |TAMS 0x00000000b5200000| PB 0x00000000b5200000| Untracked 
| 851|0x00000000b5300000, 0x00000000b5300000, 0x00000000b5400000|  0%| F|  |TAMS 0x00000000b5300000| PB 0x00000000b5300000| Untracked 
| 852|0x00000000b5400000, 0x00000000b5400000, 0x00000000b5500000|  0%| F|  |TAMS 0x00000000b5400000| PB 0x00000000b5400000| Untracked 
| 853|0x00000000b5500000, 0x00000000b5500000, 0x00000000b5600000|  0%| F|  |TAMS 0x00000000b5500000| PB 0x00000000b5500000| Untracked 
| 854|0x00000000b5600000, 0x00000000b5600000, 0x00000000b5700000|  0%| F|  |TAMS 0x00000000b5600000| PB 0x00000000b5600000| Untracked 
| 855|0x00000000b5700000, 0x00000000b5700000, 0x00000000b5800000|  0%| F|  |TAMS 0x00000000b5700000| PB 0x00000000b5700000| Untracked 
| 856|0x00000000b5800000, 0x00000000b5800000, 0x00000000b5900000|  0%| F|  |TAMS 0x00000000b5800000| PB 0x00000000b5800000| Untracked 
| 857|0x00000000b5900000, 0x00000000b5900000, 0x00000000b5a00000|  0%| F|  |TAMS 0x00000000b5900000| PB 0x00000000b5900000| Untracked 
| 858|0x00000000b5a00000, 0x00000000b5a00000, 0x00000000b5b00000|  0%| F|  |TAMS 0x00000000b5a00000| PB 0x00000000b5a00000| Untracked 
| 859|0x00000000b5b00000, 0x00000000b5b00000, 0x00000000b5c00000|  0%| F|  |TAMS 0x00000000b5b00000| PB 0x00000000b5b00000| Untracked 
| 860|0x00000000b5c00000, 0x00000000b5c00000, 0x00000000b5d00000|  0%| F|  |TAMS 0x00000000b5c00000| PB 0x00000000b5c00000| Untracked 
| 861|0x00000000b5d00000, 0x00000000b5d00000, 0x00000000b5e00000|  0%| F|  |TAMS 0x00000000b5d00000| PB 0x00000000b5d00000| Untracked 
| 862|0x00000000b5e00000, 0x00000000b5e00000, 0x00000000b5f00000|  0%| F|  |TAMS 0x00000000b5e00000| PB 0x00000000b5e00000| Untracked 
| 863|0x00000000b5f00000, 0x00000000b5f00000, 0x00000000b6000000|  0%| F|  |TAMS 0x00000000b5f00000| PB 0x00000000b5f00000| Untracked 
| 864|0x00000000b6000000, 0x00000000b6000000, 0x00000000b6100000|  0%| F|  |TAMS 0x00000000b6000000| PB 0x00000000b6000000| Untracked 
| 865|0x00000000b6100000, 0x00000000b6100000, 0x00000000b6200000|  0%| F|  |TAMS 0x00000000b6100000| PB 0x00000000b6100000| Untracked 
| 866|0x00000000b6200000, 0x00000000b6200000, 0x00000000b6300000|  0%| F|  |TAMS 0x00000000b6200000| PB 0x00000000b6200000| Untracked 
| 867|0x00000000b6300000, 0x00000000b6300000, 0x00000000b6400000|  0%| F|  |TAMS 0x00000000b6300000| PB 0x00000000b6300000| Untracked 
| 868|0x00000000b6400000, 0x00000000b6400000, 0x00000000b6500000|  0%| F|  |TAMS 0x00000000b6400000| PB 0x00000000b6400000| Untracked 
| 869|0x00000000b6500000, 0x00000000b6500000, 0x00000000b6600000|  0%| F|  |TAMS 0x00000000b6500000| PB 0x00000000b6500000| Untracked 
| 870|0x00000000b6600000, 0x00000000b6600000, 0x00000000b6700000|  0%| F|  |TAMS 0x00000000b6600000| PB 0x00000000b6600000| Untracked 
| 871|0x00000000b6700000, 0x00000000b6700000, 0x00000000b6800000|  0%| F|  |TAMS 0x00000000b6700000| PB 0x00000000b6700000| Untracked 
| 872|0x00000000b6800000, 0x00000000b6800000, 0x00000000b6900000|  0%| F|  |TAMS 0x00000000b6800000| PB 0x00000000b6800000| Untracked 
| 873|0x00000000b6900000, 0x00000000b6900000, 0x00000000b6a00000|  0%| F|  |TAMS 0x00000000b6900000| PB 0x00000000b6900000| Untracked 
| 874|0x00000000b6a00000, 0x00000000b6a00000, 0x00000000b6b00000|  0%| F|  |TAMS 0x00000000b6a00000| PB 0x00000000b6a00000| Untracked 
| 875|0x00000000b6b00000, 0x00000000b6b00000, 0x00000000b6c00000|  0%| F|  |TAMS 0x00000000b6b00000| PB 0x00000000b6b00000| Untracked 
| 876|0x00000000b6c00000, 0x00000000b6c00000, 0x00000000b6d00000|  0%| F|  |TAMS 0x00000000b6c00000| PB 0x00000000b6c00000| Untracked 
| 877|0x00000000b6d00000, 0x00000000b6d00000, 0x00000000b6e00000|  0%| F|  |TAMS 0x00000000b6d00000| PB 0x00000000b6d00000| Untracked 
| 878|0x00000000b6e00000, 0x00000000b6e00000, 0x00000000b6f00000|  0%| F|  |TAMS 0x00000000b6e00000| PB 0x00000000b6e00000| Untracked 
| 879|0x00000000b6f00000, 0x00000000b6f00000, 0x00000000b7000000|  0%| F|  |TAMS 0x00000000b6f00000| PB 0x00000000b6f00000| Untracked 
| 880|0x00000000b7000000, 0x00000000b7000000, 0x00000000b7100000|  0%| F|  |TAMS 0x00000000b7000000| PB 0x00000000b7000000| Untracked 
| 881|0x00000000b7100000, 0x00000000b7100000, 0x00000000b7200000|  0%| F|  |TAMS 0x00000000b7100000| PB 0x00000000b7100000| Untracked 
| 882|0x00000000b7200000, 0x00000000b7200000, 0x00000000b7300000|  0%| F|  |TAMS 0x00000000b7200000| PB 0x00000000b7200000| Untracked 
| 883|0x00000000b7300000, 0x00000000b7300000, 0x00000000b7400000|  0%| F|  |TAMS 0x00000000b7300000| PB 0x00000000b7300000| Untracked 
| 884|0x00000000b7400000, 0x00000000b7400000, 0x00000000b7500000|  0%| F|  |TAMS 0x00000000b7400000| PB 0x00000000b7400000| Untracked 
| 885|0x00000000b7500000, 0x00000000b7500000, 0x00000000b7600000|  0%| F|  |TAMS 0x00000000b7500000| PB 0x00000000b7500000| Untracked 
| 886|0x00000000b7600000, 0x00000000b7600000, 0x00000000b7700000|  0%| F|  |TAMS 0x00000000b7600000| PB 0x00000000b7600000| Untracked 
| 887|0x00000000b7700000, 0x00000000b7700000, 0x00000000b7800000|  0%| F|  |TAMS 0x00000000b7700000| PB 0x00000000b7700000| Untracked 
| 888|0x00000000b7800000, 0x00000000b7800000, 0x00000000b7900000|  0%| F|  |TAMS 0x00000000b7800000| PB 0x00000000b7800000| Untracked 
| 889|0x00000000b7900000, 0x00000000b7900000, 0x00000000b7a00000|  0%| F|  |TAMS 0x00000000b7900000| PB 0x00000000b7900000| Untracked 
| 890|0x00000000b7a00000, 0x00000000b7a00000, 0x00000000b7b00000|  0%| F|  |TAMS 0x00000000b7a00000| PB 0x00000000b7a00000| Untracked 
| 891|0x00000000b7b00000, 0x00000000b7b00000, 0x00000000b7c00000|  0%| F|  |TAMS 0x00000000b7b00000| PB 0x00000000b7b00000| Untracked 
| 892|0x00000000b7c00000, 0x00000000b7c00000, 0x00000000b7d00000|  0%| F|  |TAMS 0x00000000b7c00000| PB 0x00000000b7c00000| Untracked 
| 893|0x00000000b7d00000, 0x00000000b7d00000, 0x00000000b7e00000|  0%| F|  |TAMS 0x00000000b7d00000| PB 0x00000000b7d00000| Untracked 
| 894|0x00000000b7e00000, 0x00000000b7e00000, 0x00000000b7f00000|  0%| F|  |TAMS 0x00000000b7e00000| PB 0x00000000b7e00000| Untracked 
| 895|0x00000000b7f00000, 0x00000000b7f00000, 0x00000000b8000000|  0%| F|  |TAMS 0x00000000b7f00000| PB 0x00000000b7f00000| Untracked 
| 896|0x00000000b8000000, 0x00000000b8000000, 0x00000000b8100000|  0%| F|  |TAMS 0x00000000b8000000| PB 0x00000000b8000000| Untracked 
| 897|0x00000000b8100000, 0x00000000b8100000, 0x00000000b8200000|  0%| F|  |TAMS 0x00000000b8100000| PB 0x00000000b8100000| Untracked 
| 898|0x00000000b8200000, 0x00000000b8200000, 0x00000000b8300000|  0%| F|  |TAMS 0x00000000b8200000| PB 0x00000000b8200000| Untracked 
| 899|0x00000000b8300000, 0x00000000b8300000, 0x00000000b8400000|  0%| F|  |TAMS 0x00000000b8300000| PB 0x00000000b8300000| Untracked 
| 900|0x00000000b8400000, 0x00000000b8400000, 0x00000000b8500000|  0%| F|  |TAMS 0x00000000b8400000| PB 0x00000000b8400000| Untracked 
| 901|0x00000000b8500000, 0x00000000b8500000, 0x00000000b8600000|  0%| F|  |TAMS 0x00000000b8500000| PB 0x00000000b8500000| Untracked 
| 902|0x00000000b8600000, 0x00000000b8600000, 0x00000000b8700000|  0%| F|  |TAMS 0x00000000b8600000| PB 0x00000000b8600000| Untracked 
| 903|0x00000000b8700000, 0x00000000b8700000, 0x00000000b8800000|  0%| F|  |TAMS 0x00000000b8700000| PB 0x00000000b8700000| Untracked 
| 904|0x00000000b8800000, 0x00000000b8800000, 0x00000000b8900000|  0%| F|  |TAMS 0x00000000b8800000| PB 0x00000000b8800000| Untracked 
| 905|0x00000000b8900000, 0x00000000b8900000, 0x00000000b8a00000|  0%| F|  |TAMS 0x00000000b8900000| PB 0x00000000b8900000| Untracked 
| 906|0x00000000b8a00000, 0x00000000b8a00000, 0x00000000b8b00000|  0%| F|  |TAMS 0x00000000b8a00000| PB 0x00000000b8a00000| Untracked 
| 907|0x00000000b8b00000, 0x00000000b8b00000, 0x00000000b8c00000|  0%| F|  |TAMS 0x00000000b8b00000| PB 0x00000000b8b00000| Untracked 
| 908|0x00000000b8c00000, 0x00000000b8c00000, 0x00000000b8d00000|  0%| F|  |TAMS 0x00000000b8c00000| PB 0x00000000b8c00000| Untracked 
| 909|0x00000000b8d00000, 0x00000000b8d00000, 0x00000000b8e00000|  0%| F|  |TAMS 0x00000000b8d00000| PB 0x00000000b8d00000| Untracked 
| 910|0x00000000b8e00000, 0x00000000b8e00000, 0x00000000b8f00000|  0%| F|  |TAMS 0x00000000b8e00000| PB 0x00000000b8e00000| Untracked 
| 911|0x00000000b8f00000, 0x00000000b8f00000, 0x00000000b9000000|  0%| F|  |TAMS 0x00000000b8f00000| PB 0x00000000b8f00000| Untracked 
| 912|0x00000000b9000000, 0x00000000b9000000, 0x00000000b9100000|  0%| F|  |TAMS 0x00000000b9000000| PB 0x00000000b9000000| Untracked 
| 913|0x00000000b9100000, 0x00000000b9100000, 0x00000000b9200000|  0%| F|  |TAMS 0x00000000b9100000| PB 0x00000000b9100000| Untracked 
| 914|0x00000000b9200000, 0x00000000b9200000, 0x00000000b9300000|  0%| F|  |TAMS 0x00000000b9200000| PB 0x00000000b9200000| Untracked 
| 915|0x00000000b9300000, 0x00000000b9300000, 0x00000000b9400000|  0%| F|  |TAMS 0x00000000b9300000| PB 0x00000000b9300000| Untracked 
| 916|0x00000000b9400000, 0x00000000b9400000, 0x00000000b9500000|  0%| F|  |TAMS 0x00000000b9400000| PB 0x00000000b9400000| Untracked 
| 917|0x00000000b9500000, 0x00000000b9500000, 0x00000000b9600000|  0%| F|  |TAMS 0x00000000b9500000| PB 0x00000000b9500000| Untracked 
| 918|0x00000000b9600000, 0x00000000b9600000, 0x00000000b9700000|  0%| F|  |TAMS 0x00000000b9600000| PB 0x00000000b9600000| Untracked 
| 919|0x00000000b9700000, 0x00000000b9700000, 0x00000000b9800000|  0%| F|  |TAMS 0x00000000b9700000| PB 0x00000000b9700000| Untracked 
| 920|0x00000000b9800000, 0x00000000b9800000, 0x00000000b9900000|  0%| F|  |TAMS 0x00000000b9800000| PB 0x00000000b9800000| Untracked 
| 921|0x00000000b9900000, 0x00000000b9900000, 0x00000000b9a00000|  0%| F|  |TAMS 0x00000000b9900000| PB 0x00000000b9900000| Untracked 
| 922|0x00000000b9a00000, 0x00000000b9a00000, 0x00000000b9b00000|  0%| F|  |TAMS 0x00000000b9a00000| PB 0x00000000b9a00000| Untracked 
| 923|0x00000000b9b00000, 0x00000000b9b00000, 0x00000000b9c00000|  0%| F|  |TAMS 0x00000000b9b00000| PB 0x00000000b9b00000| Untracked 
| 924|0x00000000b9c00000, 0x00000000b9c00000, 0x00000000b9d00000|  0%| F|  |TAMS 0x00000000b9c00000| PB 0x00000000b9c00000| Untracked 
| 925|0x00000000b9d00000, 0x00000000b9d00000, 0x00000000b9e00000|  0%| F|  |TAMS 0x00000000b9d00000| PB 0x00000000b9d00000| Untracked 
| 926|0x00000000b9e00000, 0x00000000b9e00000, 0x00000000b9f00000|  0%| F|  |TAMS 0x00000000b9e00000| PB 0x00000000b9e00000| Untracked 
| 927|0x00000000b9f00000, 0x00000000b9f00000, 0x00000000ba000000|  0%| F|  |TAMS 0x00000000b9f00000| PB 0x00000000b9f00000| Untracked 
| 928|0x00000000ba000000, 0x00000000ba000000, 0x00000000ba100000|  0%| F|  |TAMS 0x00000000ba000000| PB 0x00000000ba000000| Untracked 
| 929|0x00000000ba100000, 0x00000000ba100000, 0x00000000ba200000|  0%| F|  |TAMS 0x00000000ba100000| PB 0x00000000ba100000| Untracked 
| 930|0x00000000ba200000, 0x00000000ba200000, 0x00000000ba300000|  0%| F|  |TAMS 0x00000000ba200000| PB 0x00000000ba200000| Untracked 
| 931|0x00000000ba300000, 0x00000000ba300000, 0x00000000ba400000|  0%| F|  |TAMS 0x00000000ba300000| PB 0x00000000ba300000| Untracked 
| 932|0x00000000ba400000, 0x00000000ba400000, 0x00000000ba500000|  0%| F|  |TAMS 0x00000000ba400000| PB 0x00000000ba400000| Untracked 
| 933|0x00000000ba500000, 0x00000000ba500000, 0x00000000ba600000|  0%| F|  |TAMS 0x00000000ba500000| PB 0x00000000ba500000| Untracked 
| 934|0x00000000ba600000, 0x00000000ba600000, 0x00000000ba700000|  0%| F|  |TAMS 0x00000000ba600000| PB 0x00000000ba600000| Untracked 
| 935|0x00000000ba700000, 0x00000000ba700000, 0x00000000ba800000|  0%| F|  |TAMS 0x00000000ba700000| PB 0x00000000ba700000| Untracked 
| 936|0x00000000ba800000, 0x00000000ba800000, 0x00000000ba900000|  0%| F|  |TAMS 0x00000000ba800000| PB 0x00000000ba800000| Untracked 
| 937|0x00000000ba900000, 0x00000000ba900000, 0x00000000baa00000|  0%| F|  |TAMS 0x00000000ba900000| PB 0x00000000ba900000| Untracked 
| 938|0x00000000baa00000, 0x00000000baa00000, 0x00000000bab00000|  0%| F|  |TAMS 0x00000000baa00000| PB 0x00000000baa00000| Untracked 
| 939|0x00000000bab00000, 0x00000000bab00000, 0x00000000bac00000|  0%| F|  |TAMS 0x00000000bab00000| PB 0x00000000bab00000| Untracked 
| 940|0x00000000bac00000, 0x00000000bac00000, 0x00000000bad00000|  0%| F|  |TAMS 0x00000000bac00000| PB 0x00000000bac00000| Untracked 
| 941|0x00000000bad00000, 0x00000000bad00000, 0x00000000bae00000|  0%| F|  |TAMS 0x00000000bad00000| PB 0x00000000bad00000| Untracked 
| 942|0x00000000bae00000, 0x00000000bae00000, 0x00000000baf00000|  0%| F|  |TAMS 0x00000000bae00000| PB 0x00000000bae00000| Untracked 
| 943|0x00000000baf00000, 0x00000000baf00000, 0x00000000bb000000|  0%| F|  |TAMS 0x00000000baf00000| PB 0x00000000baf00000| Untracked 
| 944|0x00000000bb000000, 0x00000000bb000000, 0x00000000bb100000|  0%| F|  |TAMS 0x00000000bb000000| PB 0x00000000bb000000| Untracked 
| 945|0x00000000bb100000, 0x00000000bb100000, 0x00000000bb200000|  0%| F|  |TAMS 0x00000000bb100000| PB 0x00000000bb100000| Untracked 
| 946|0x00000000bb200000, 0x00000000bb200000, 0x00000000bb300000|  0%| F|  |TAMS 0x00000000bb200000| PB 0x00000000bb200000| Untracked 
| 947|0x00000000bb300000, 0x00000000bb300000, 0x00000000bb400000|  0%| F|  |TAMS 0x00000000bb300000| PB 0x00000000bb300000| Untracked 
| 948|0x00000000bb400000, 0x00000000bb400000, 0x00000000bb500000|  0%| F|  |TAMS 0x00000000bb400000| PB 0x00000000bb400000| Untracked 
| 949|0x00000000bb500000, 0x00000000bb500000, 0x00000000bb600000|  0%| F|  |TAMS 0x00000000bb500000| PB 0x00000000bb500000| Untracked 
| 950|0x00000000bb600000, 0x00000000bb600000, 0x00000000bb700000|  0%| F|  |TAMS 0x00000000bb600000| PB 0x00000000bb600000| Untracked 
| 951|0x00000000bb700000, 0x00000000bb700000, 0x00000000bb800000|  0%| F|  |TAMS 0x00000000bb700000| PB 0x00000000bb700000| Untracked 
| 952|0x00000000bb800000, 0x00000000bb800000, 0x00000000bb900000|  0%| F|  |TAMS 0x00000000bb800000| PB 0x00000000bb800000| Untracked 
| 953|0x00000000bb900000, 0x00000000bb900000, 0x00000000bba00000|  0%| F|  |TAMS 0x00000000bb900000| PB 0x00000000bb900000| Untracked 
| 954|0x00000000bba00000, 0x00000000bba00000, 0x00000000bbb00000|  0%| F|  |TAMS 0x00000000bba00000| PB 0x00000000bba00000| Untracked 
| 955|0x00000000bbb00000, 0x00000000bbb00000, 0x00000000bbc00000|  0%| F|  |TAMS 0x00000000bbb00000| PB 0x00000000bbb00000| Untracked 
| 956|0x00000000bbc00000, 0x00000000bbc00000, 0x00000000bbd00000|  0%| F|  |TAMS 0x00000000bbc00000| PB 0x00000000bbc00000| Untracked 
| 957|0x00000000bbd00000, 0x00000000bbd00000, 0x00000000bbe00000|  0%| F|  |TAMS 0x00000000bbd00000| PB 0x00000000bbd00000| Untracked 
| 958|0x00000000bbe00000, 0x00000000bbe00000, 0x00000000bbf00000|  0%| F|  |TAMS 0x00000000bbe00000| PB 0x00000000bbe00000| Untracked 
| 959|0x00000000bbf00000, 0x00000000bbf00000, 0x00000000bc000000|  0%| F|  |TAMS 0x00000000bbf00000| PB 0x00000000bbf00000| Untracked 
| 960|0x00000000bc000000, 0x00000000bc000000, 0x00000000bc100000|  0%| F|  |TAMS 0x00000000bc000000| PB 0x00000000bc000000| Untracked 
| 961|0x00000000bc100000, 0x00000000bc100000, 0x00000000bc200000|  0%| F|  |TAMS 0x00000000bc100000| PB 0x00000000bc100000| Untracked 
| 962|0x00000000bc200000, 0x00000000bc200000, 0x00000000bc300000|  0%| F|  |TAMS 0x00000000bc200000| PB 0x00000000bc200000| Untracked 
| 963|0x00000000bc300000, 0x00000000bc300000, 0x00000000bc400000|  0%| F|  |TAMS 0x00000000bc300000| PB 0x00000000bc300000| Untracked 
| 964|0x00000000bc400000, 0x00000000bc500000, 0x00000000bc500000|100%| E|  |TAMS 0x00000000bc400000| PB 0x00000000bc400000| Complete 
| 965|0x00000000bc500000, 0x00000000bc600000, 0x00000000bc600000|100%| E|CS|TAMS 0x00000000bc500000| PB 0x00000000bc500000| Complete 
| 966|0x00000000bc600000, 0x00000000bc700000, 0x00000000bc700000|100%| E|CS|TAMS 0x00000000bc600000| PB 0x00000000bc600000| Complete 
| 967|0x00000000bc700000, 0x00000000bc800000, 0x00000000bc800000|100%| E|CS|TAMS 0x00000000bc700000| PB 0x00000000bc700000| Complete 
| 968|0x00000000bc800000, 0x00000000bc900000, 0x00000000bc900000|100%| E|CS|TAMS 0x00000000bc800000| PB 0x00000000bc800000| Complete 
| 969|0x00000000bc900000, 0x00000000bca00000, 0x00000000bca00000|100%| E|CS|TAMS 0x00000000bc900000| PB 0x00000000bc900000| Complete 
| 970|0x00000000bca00000, 0x00000000bcb00000, 0x00000000bcb00000|100%| E|CS|TAMS 0x00000000bca00000| PB 0x00000000bca00000| Complete 
| 971|0x00000000bcb00000, 0x00000000bcc00000, 0x00000000bcc00000|100%| E|CS|TAMS 0x00000000bcb00000| PB 0x00000000bcb00000| Complete 
| 972|0x00000000bcc00000, 0x00000000bcd00000, 0x00000000bcd00000|100%| E|CS|TAMS 0x00000000bcc00000| PB 0x00000000bcc00000| Complete 
| 973|0x00000000bcd00000, 0x00000000bce00000, 0x00000000bce00000|100%| E|CS|TAMS 0x00000000bcd00000| PB 0x00000000bcd00000| Complete 
| 974|0x00000000bce00000, 0x00000000bcf00000, 0x00000000bcf00000|100%| E|CS|TAMS 0x00000000bce00000| PB 0x00000000bce00000| Complete 
| 975|0x00000000bcf00000, 0x00000000bd000000, 0x00000000bd000000|100%| E|CS|TAMS 0x00000000bcf00000| PB 0x00000000bcf00000| Complete 
| 976|0x00000000bd000000, 0x00000000bd100000, 0x00000000bd100000|100%| E|CS|TAMS 0x00000000bd000000| PB 0x00000000bd000000| Complete 
| 977|0x00000000bd100000, 0x00000000bd200000, 0x00000000bd200000|100%| E|CS|TAMS 0x00000000bd100000| PB 0x00000000bd100000| Complete 
| 978|0x00000000bd200000, 0x00000000bd300000, 0x00000000bd300000|100%| E|CS|TAMS 0x00000000bd200000| PB 0x00000000bd200000| Complete 
| 979|0x00000000bd300000, 0x00000000bd400000, 0x00000000bd400000|100%| E|CS|TAMS 0x00000000bd300000| PB 0x00000000bd300000| Complete 
| 980|0x00000000bd400000, 0x00000000bd500000, 0x00000000bd500000|100%| E|CS|TAMS 0x00000000bd400000| PB 0x00000000bd400000| Complete 
| 981|0x00000000bd500000, 0x00000000bd600000, 0x00000000bd600000|100%| E|CS|TAMS 0x00000000bd500000| PB 0x00000000bd500000| Complete 
| 982|0x00000000bd600000, 0x00000000bd700000, 0x00000000bd700000|100%| E|CS|TAMS 0x00000000bd600000| PB 0x00000000bd600000| Complete 
| 983|0x00000000bd700000, 0x00000000bd800000, 0x00000000bd800000|100%| E|CS|TAMS 0x00000000bd700000| PB 0x00000000bd700000| Complete 
| 984|0x00000000bd800000, 0x00000000bd900000, 0x00000000bd900000|100%| E|CS|TAMS 0x00000000bd800000| PB 0x00000000bd800000| Complete 
| 985|0x00000000bd900000, 0x00000000bda00000, 0x00000000bda00000|100%| E|CS|TAMS 0x00000000bd900000| PB 0x00000000bd900000| Complete 
| 986|0x00000000bda00000, 0x00000000bdb00000, 0x00000000bdb00000|100%| E|CS|TAMS 0x00000000bda00000| PB 0x00000000bda00000| Complete 
| 987|0x00000000bdb00000, 0x00000000bdc00000, 0x00000000bdc00000|100%| E|CS|TAMS 0x00000000bdb00000| PB 0x00000000bdb00000| Complete 
| 988|0x00000000bdc00000, 0x00000000bdd00000, 0x00000000bdd00000|100%| E|CS|TAMS 0x00000000bdc00000| PB 0x00000000bdc00000| Complete 
| 989|0x00000000bdd00000, 0x00000000bde00000, 0x00000000bde00000|100%| E|CS|TAMS 0x00000000bdd00000| PB 0x00000000bdd00000| Complete 
| 990|0x00000000bde00000, 0x00000000bdf00000, 0x00000000bdf00000|100%| E|CS|TAMS 0x00000000bde00000| PB 0x00000000bde00000| Complete 
| 991|0x00000000bdf00000, 0x00000000be000000, 0x00000000be000000|100%| E|CS|TAMS 0x00000000bdf00000| PB 0x00000000bdf00000| Complete 
| 992|0x00000000be000000, 0x00000000be100000, 0x00000000be100000|100%| E|CS|TAMS 0x00000000be000000| PB 0x00000000be000000| Complete 
| 993|0x00000000be100000, 0x00000000be200000, 0x00000000be200000|100%| E|CS|TAMS 0x00000000be100000| PB 0x00000000be100000| Complete 
| 994|0x00000000be200000, 0x00000000be300000, 0x00000000be300000|100%| E|CS|TAMS 0x00000000be200000| PB 0x00000000be200000| Complete 
| 995|0x00000000be300000, 0x00000000be400000, 0x00000000be400000|100%| E|CS|TAMS 0x00000000be300000| PB 0x00000000be300000| Complete 
| 996|0x00000000be400000, 0x00000000be500000, 0x00000000be500000|100%| E|CS|TAMS 0x00000000be400000| PB 0x00000000be400000| Complete 
| 997|0x00000000be500000, 0x00000000be600000, 0x00000000be600000|100%| E|CS|TAMS 0x00000000be500000| PB 0x00000000be500000| Complete 
| 998|0x00000000be600000, 0x00000000be700000, 0x00000000be700000|100%| E|CS|TAMS 0x00000000be600000| PB 0x00000000be600000| Complete 
| 999|0x00000000be700000, 0x00000000be800000, 0x00000000be800000|100%| E|CS|TAMS 0x00000000be700000| PB 0x00000000be700000| Complete 
|1000|0x00000000be800000, 0x00000000be900000, 0x00000000be900000|100%| E|CS|TAMS 0x00000000be800000| PB 0x00000000be800000| Complete 
|1001|0x00000000be900000, 0x00000000bea00000, 0x00000000bea00000|100%| E|CS|TAMS 0x00000000be900000| PB 0x00000000be900000| Complete 
|1002|0x00000000bea00000, 0x00000000beb00000, 0x00000000beb00000|100%| E|CS|TAMS 0x00000000bea00000| PB 0x00000000bea00000| Complete 
|1003|0x00000000beb00000, 0x00000000bec00000, 0x00000000bec00000|100%| E|CS|TAMS 0x00000000beb00000| PB 0x00000000beb00000| Complete 
|1004|0x00000000bec00000, 0x00000000bed00000, 0x00000000bed00000|100%| E|CS|TAMS 0x00000000bec00000| PB 0x00000000bec00000| Complete 
|1005|0x00000000bed00000, 0x00000000bee00000, 0x00000000bee00000|100%| E|CS|TAMS 0x00000000bed00000| PB 0x00000000bed00000| Complete 
|1006|0x00000000bee00000, 0x00000000bef00000, 0x00000000bef00000|100%| E|CS|TAMS 0x00000000bee00000| PB 0x00000000bee00000| Complete 
|1007|0x00000000bef00000, 0x00000000bf000000, 0x00000000bf000000|100%| E|CS|TAMS 0x00000000bef00000| PB 0x00000000bef00000| Complete 
|1008|0x00000000bf000000, 0x00000000bf100000, 0x00000000bf100000|100%| E|CS|TAMS 0x00000000bf000000| PB 0x00000000bf000000| Complete 
|1009|0x00000000bf100000, 0x00000000bf200000, 0x00000000bf200000|100%| E|CS|TAMS 0x00000000bf100000| PB 0x00000000bf100000| Complete 
|1010|0x00000000bf200000, 0x00000000bf300000, 0x00000000bf300000|100%| E|CS|TAMS 0x00000000bf200000| PB 0x00000000bf200000| Complete 
|1011|0x00000000bf300000, 0x00000000bf400000, 0x00000000bf400000|100%| E|CS|TAMS 0x00000000bf300000| PB 0x00000000bf300000| Complete 
|1012|0x00000000bf400000, 0x00000000bf500000, 0x00000000bf500000|100%| E|CS|TAMS 0x00000000bf400000| PB 0x00000000bf400000| Complete 
|1013|0x00000000bf500000, 0x00000000bf600000, 0x00000000bf600000|100%| E|CS|TAMS 0x00000000bf500000| PB 0x00000000bf500000| Complete 
|1014|0x00000000bf600000, 0x00000000bf700000, 0x00000000bf700000|100%| E|CS|TAMS 0x00000000bf600000| PB 0x00000000bf600000| Complete 
|1015|0x00000000bf700000, 0x00000000bf800000, 0x00000000bf800000|100%| E|CS|TAMS 0x00000000bf700000| PB 0x00000000bf700000| Complete 
|1016|0x00000000bf800000, 0x00000000bf900000, 0x00000000bf900000|100%| E|CS|TAMS 0x00000000bf800000| PB 0x00000000bf800000| Complete 
|1017|0x00000000bf900000, 0x00000000bfa00000, 0x00000000bfa00000|100%| E|CS|TAMS 0x00000000bf900000| PB 0x00000000bf900000| Complete 
|1018|0x00000000bfa00000, 0x00000000bfb00000, 0x00000000bfb00000|100%| E|CS|TAMS 0x00000000bfa00000| PB 0x00000000bfa00000| Complete 
|1019|0x00000000bfb00000, 0x00000000bfc00000, 0x00000000bfc00000|100%| E|CS|TAMS 0x00000000bfb00000| PB 0x00000000bfb00000| Complete 
|1020|0x00000000bfc00000, 0x00000000bfd00000, 0x00000000bfd00000|100%| E|CS|TAMS 0x00000000bfc00000| PB 0x00000000bfc00000| Complete 
|1021|0x00000000bfd00000, 0x00000000bfe00000, 0x00000000bfe00000|100%| E|CS|TAMS 0x00000000bfd00000| PB 0x00000000bfd00000| Complete 
|1022|0x00000000bfe00000, 0x00000000bff00000, 0x00000000bff00000|100%| E|CS|TAMS 0x00000000bfe00000| PB 0x00000000bfe00000| Complete 
|1023|0x00000000bff00000, 0x00000000c0000000, 0x00000000c0000000|100%| E|CS|TAMS 0x00000000bff00000| PB 0x00000000bff00000| Complete 
|1024|0x00000000c0000000, 0x00000000c0100000, 0x00000000c0100000|100%| E|CS|TAMS 0x00000000c0000000| PB 0x00000000c0000000| Complete 
|1025|0x00000000c0100000, 0x00000000c0200000, 0x00000000c0200000|100%| E|CS|TAMS 0x00000000c0100000| PB 0x00000000c0100000| Complete 
|1026|0x00000000c0200000, 0x00000000c0300000, 0x00000000c0300000|100%| E|CS|TAMS 0x00000000c0200000| PB 0x00000000c0200000| Complete 
|1027|0x00000000c0300000, 0x00000000c0400000, 0x00000000c0400000|100%| E|CS|TAMS 0x00000000c0300000| PB 0x00000000c0300000| Complete 
|1028|0x00000000c0400000, 0x00000000c0500000, 0x00000000c0500000|100%| E|CS|TAMS 0x00000000c0400000| PB 0x00000000c0400000| Complete 
|1029|0x00000000c0500000, 0x00000000c0600000, 0x00000000c0600000|100%| E|CS|TAMS 0x00000000c0500000| PB 0x00000000c0500000| Complete 
|1030|0x00000000c0600000, 0x00000000c0700000, 0x00000000c0700000|100%| E|CS|TAMS 0x00000000c0600000| PB 0x00000000c0600000| Complete 
|1031|0x00000000c0700000, 0x00000000c0800000, 0x00000000c0800000|100%| E|CS|TAMS 0x00000000c0700000| PB 0x00000000c0700000| Complete 
|1032|0x00000000c0800000, 0x00000000c0900000, 0x00000000c0900000|100%| E|CS|TAMS 0x00000000c0800000| PB 0x00000000c0800000| Complete 
|1033|0x00000000c0900000, 0x00000000c0a00000, 0x00000000c0a00000|100%| E|CS|TAMS 0x00000000c0900000| PB 0x00000000c0900000| Complete 
|1034|0x00000000c0a00000, 0x00000000c0b00000, 0x00000000c0b00000|100%| E|CS|TAMS 0x00000000c0a00000| PB 0x00000000c0a00000| Complete 
|1035|0x00000000c0b00000, 0x00000000c0c00000, 0x00000000c0c00000|100%| E|CS|TAMS 0x00000000c0b00000| PB 0x00000000c0b00000| Complete 
|1036|0x00000000c0c00000, 0x00000000c0d00000, 0x00000000c0d00000|100%| E|CS|TAMS 0x00000000c0c00000| PB 0x00000000c0c00000| Complete 
|1037|0x00000000c0d00000, 0x00000000c0e00000, 0x00000000c0e00000|100%| E|CS|TAMS 0x00000000c0d00000| PB 0x00000000c0d00000| Complete 
|1038|0x00000000c0e00000, 0x00000000c0f00000, 0x00000000c0f00000|100%| E|CS|TAMS 0x00000000c0e00000| PB 0x00000000c0e00000| Complete 
|1039|0x00000000c0f00000, 0x00000000c1000000, 0x00000000c1000000|100%| E|CS|TAMS 0x00000000c0f00000| PB 0x00000000c0f00000| Complete 
|1040|0x00000000c1000000, 0x00000000c1100000, 0x00000000c1100000|100%| E|CS|TAMS 0x00000000c1000000| PB 0x00000000c1000000| Complete 
|1041|0x00000000c1100000, 0x00000000c1200000, 0x00000000c1200000|100%| E|CS|TAMS 0x00000000c1100000| PB 0x00000000c1100000| Complete 
|1042|0x00000000c1200000, 0x00000000c1300000, 0x00000000c1300000|100%| E|CS|TAMS 0x00000000c1200000| PB 0x00000000c1200000| Complete 
|1043|0x00000000c1300000, 0x00000000c1400000, 0x00000000c1400000|100%| E|CS|TAMS 0x00000000c1300000| PB 0x00000000c1300000| Complete 
|1044|0x00000000c1400000, 0x00000000c1500000, 0x00000000c1500000|100%| E|CS|TAMS 0x00000000c1400000| PB 0x00000000c1400000| Complete 
|1045|0x00000000c1500000, 0x00000000c1600000, 0x00000000c1600000|100%| E|CS|TAMS 0x00000000c1500000| PB 0x00000000c1500000| Complete 
|1046|0x00000000c1600000, 0x00000000c1700000, 0x00000000c1700000|100%| E|CS|TAMS 0x00000000c1600000| PB 0x00000000c1600000| Complete 
|1047|0x00000000c1700000, 0x00000000c1800000, 0x00000000c1800000|100%| E|CS|TAMS 0x00000000c1700000| PB 0x00000000c1700000| Complete 
|1048|0x00000000c1800000, 0x00000000c1900000, 0x00000000c1900000|100%| E|CS|TAMS 0x00000000c1800000| PB 0x00000000c1800000| Complete 
|1049|0x00000000c1900000, 0x00000000c1a00000, 0x00000000c1a00000|100%| E|CS|TAMS 0x00000000c1900000| PB 0x00000000c1900000| Complete 
|1050|0x00000000c1a00000, 0x00000000c1b00000, 0x00000000c1b00000|100%| E|CS|TAMS 0x00000000c1a00000| PB 0x00000000c1a00000| Complete 
|1051|0x00000000c1b00000, 0x00000000c1c00000, 0x00000000c1c00000|100%| E|CS|TAMS 0x00000000c1b00000| PB 0x00000000c1b00000| Complete 
|1052|0x00000000c1c00000, 0x00000000c1d00000, 0x00000000c1d00000|100%| E|CS|TAMS 0x00000000c1c00000| PB 0x00000000c1c00000| Complete 
|1053|0x00000000c1d00000, 0x00000000c1e00000, 0x00000000c1e00000|100%| E|CS|TAMS 0x00000000c1d00000| PB 0x00000000c1d00000| Complete 
|1054|0x00000000c1e00000, 0x00000000c1f00000, 0x00000000c1f00000|100%| E|CS|TAMS 0x00000000c1e00000| PB 0x00000000c1e00000| Complete 
|1055|0x00000000c1f00000, 0x00000000c2000000, 0x00000000c2000000|100%| E|CS|TAMS 0x00000000c1f00000| PB 0x00000000c1f00000| Complete 
|1056|0x00000000c2000000, 0x00000000c2100000, 0x00000000c2100000|100%| E|CS|TAMS 0x00000000c2000000| PB 0x00000000c2000000| Complete 
|1057|0x00000000c2100000, 0x00000000c2200000, 0x00000000c2200000|100%| E|CS|TAMS 0x00000000c2100000| PB 0x00000000c2100000| Complete 
|1058|0x00000000c2200000, 0x00000000c2300000, 0x00000000c2300000|100%| E|CS|TAMS 0x00000000c2200000| PB 0x00000000c2200000| Complete 
|1059|0x00000000c2300000, 0x00000000c2400000, 0x00000000c2400000|100%| E|CS|TAMS 0x00000000c2300000| PB 0x00000000c2300000| Complete 
|1060|0x00000000c2400000, 0x00000000c2500000, 0x00000000c2500000|100%| E|CS|TAMS 0x00000000c2400000| PB 0x00000000c2400000| Complete 
|1061|0x00000000c2500000, 0x00000000c2600000, 0x00000000c2600000|100%| E|CS|TAMS 0x00000000c2500000| PB 0x00000000c2500000| Complete 
|1062|0x00000000c2600000, 0x00000000c2700000, 0x00000000c2700000|100%| E|CS|TAMS 0x00000000c2600000| PB 0x00000000c2600000| Complete 
|1063|0x00000000c2700000, 0x00000000c2800000, 0x00000000c2800000|100%| E|CS|TAMS 0x00000000c2700000| PB 0x00000000c2700000| Complete 
|1064|0x00000000c2800000, 0x00000000c2900000, 0x00000000c2900000|100%| E|CS|TAMS 0x00000000c2800000| PB 0x00000000c2800000| Complete 
|1065|0x00000000c2900000, 0x00000000c2a00000, 0x00000000c2a00000|100%| E|CS|TAMS 0x00000000c2900000| PB 0x00000000c2900000| Complete 
|1066|0x00000000c2a00000, 0x00000000c2b00000, 0x00000000c2b00000|100%| E|CS|TAMS 0x00000000c2a00000| PB 0x00000000c2a00000| Complete 
|1067|0x00000000c2b00000, 0x00000000c2c00000, 0x00000000c2c00000|100%| E|CS|TAMS 0x00000000c2b00000| PB 0x00000000c2b00000| Complete 
|1068|0x00000000c2c00000, 0x00000000c2d00000, 0x00000000c2d00000|100%| E|CS|TAMS 0x00000000c2c00000| PB 0x00000000c2c00000| Complete 
|1069|0x00000000c2d00000, 0x00000000c2e00000, 0x00000000c2e00000|100%| E|CS|TAMS 0x00000000c2d00000| PB 0x00000000c2d00000| Complete 
|1070|0x00000000c2e00000, 0x00000000c2f00000, 0x00000000c2f00000|100%| E|CS|TAMS 0x00000000c2e00000| PB 0x00000000c2e00000| Complete 
|1071|0x00000000c2f00000, 0x00000000c3000000, 0x00000000c3000000|100%| E|CS|TAMS 0x00000000c2f00000| PB 0x00000000c2f00000| Complete 
|1072|0x00000000c3000000, 0x00000000c3100000, 0x00000000c3100000|100%| E|CS|TAMS 0x00000000c3000000| PB 0x00000000c3000000| Complete 
|1073|0x00000000c3100000, 0x00000000c3200000, 0x00000000c3200000|100%| E|CS|TAMS 0x00000000c3100000| PB 0x00000000c3100000| Complete 
|1074|0x00000000c3200000, 0x00000000c3300000, 0x00000000c3300000|100%| E|CS|TAMS 0x00000000c3200000| PB 0x00000000c3200000| Complete 
|1075|0x00000000c3300000, 0x00000000c3400000, 0x00000000c3400000|100%| E|CS|TAMS 0x00000000c3300000| PB 0x00000000c3300000| Complete 
|1076|0x00000000c3400000, 0x00000000c3500000, 0x00000000c3500000|100%| E|CS|TAMS 0x00000000c3400000| PB 0x00000000c3400000| Complete 
|1077|0x00000000c3500000, 0x00000000c3600000, 0x00000000c3600000|100%| E|CS|TAMS 0x00000000c3500000| PB 0x00000000c3500000| Complete 
|1078|0x00000000c3600000, 0x00000000c3700000, 0x00000000c3700000|100%| E|CS|TAMS 0x00000000c3600000| PB 0x00000000c3600000| Complete 
|1079|0x00000000c3700000, 0x00000000c3800000, 0x00000000c3800000|100%| E|CS|TAMS 0x00000000c3700000| PB 0x00000000c3700000| Complete 
|1080|0x00000000c3800000, 0x00000000c3900000, 0x00000000c3900000|100%| E|CS|TAMS 0x00000000c3800000| PB 0x00000000c3800000| Complete 
|1081|0x00000000c3900000, 0x00000000c3a00000, 0x00000000c3a00000|100%| E|CS|TAMS 0x00000000c3900000| PB 0x00000000c3900000| Complete 
|1082|0x00000000c3a00000, 0x00000000c3b00000, 0x00000000c3b00000|100%| E|CS|TAMS 0x00000000c3a00000| PB 0x00000000c3a00000| Complete 
|1083|0x00000000c3b00000, 0x00000000c3c00000, 0x00000000c3c00000|100%| E|CS|TAMS 0x00000000c3b00000| PB 0x00000000c3b00000| Complete 
|1084|0x00000000c3c00000, 0x00000000c3d00000, 0x00000000c3d00000|100%| E|CS|TAMS 0x00000000c3c00000| PB 0x00000000c3c00000| Complete 
|1085|0x00000000c3d00000, 0x00000000c3e00000, 0x00000000c3e00000|100%| E|CS|TAMS 0x00000000c3d00000| PB 0x00000000c3d00000| Complete 
|1086|0x00000000c3e00000, 0x00000000c3f00000, 0x00000000c3f00000|100%| E|CS|TAMS 0x00000000c3e00000| PB 0x00000000c3e00000| Complete 
|1087|0x00000000c3f00000, 0x00000000c4000000, 0x00000000c4000000|100%| E|CS|TAMS 0x00000000c3f00000| PB 0x00000000c3f00000| Complete 
|1088|0x00000000c4000000, 0x00000000c4100000, 0x00000000c4100000|100%| E|CS|TAMS 0x00000000c4000000| PB 0x00000000c4000000| Complete 
|1089|0x00000000c4100000, 0x00000000c4200000, 0x00000000c4200000|100%| E|CS|TAMS 0x00000000c4100000| PB 0x00000000c4100000| Complete 
|1090|0x00000000c4200000, 0x00000000c4300000, 0x00000000c4300000|100%| E|CS|TAMS 0x00000000c4200000| PB 0x00000000c4200000| Complete 
|1091|0x00000000c4300000, 0x00000000c4400000, 0x00000000c4400000|100%| E|CS|TAMS 0x00000000c4300000| PB 0x00000000c4300000| Complete 
|1092|0x00000000c4400000, 0x00000000c4500000, 0x00000000c4500000|100%| E|CS|TAMS 0x00000000c4400000| PB 0x00000000c4400000| Complete 
|1093|0x00000000c4500000, 0x00000000c4600000, 0x00000000c4600000|100%| E|CS|TAMS 0x00000000c4500000| PB 0x00000000c4500000| Complete 
|1094|0x00000000c4600000, 0x00000000c4700000, 0x00000000c4700000|100%| E|CS|TAMS 0x00000000c4600000| PB 0x00000000c4600000| Complete 
|1095|0x00000000c4700000, 0x00000000c4800000, 0x00000000c4800000|100%| E|CS|TAMS 0x00000000c4700000| PB 0x00000000c4700000| Complete 
|1096|0x00000000c4800000, 0x00000000c4900000, 0x00000000c4900000|100%| E|CS|TAMS 0x00000000c4800000| PB 0x00000000c4800000| Complete 
|1097|0x00000000c4900000, 0x00000000c4a00000, 0x00000000c4a00000|100%| E|CS|TAMS 0x00000000c4900000| PB 0x00000000c4900000| Complete 
|1098|0x00000000c4a00000, 0x00000000c4b00000, 0x00000000c4b00000|100%| E|CS|TAMS 0x00000000c4a00000| PB 0x00000000c4a00000| Complete 
|1099|0x00000000c4b00000, 0x00000000c4c00000, 0x00000000c4c00000|100%| E|CS|TAMS 0x00000000c4b00000| PB 0x00000000c4b00000| Complete 
|1100|0x00000000c4c00000, 0x00000000c4d00000, 0x00000000c4d00000|100%| E|CS|TAMS 0x00000000c4c00000| PB 0x00000000c4c00000| Complete 
|1101|0x00000000c4d00000, 0x00000000c4e00000, 0x00000000c4e00000|100%| E|CS|TAMS 0x00000000c4d00000| PB 0x00000000c4d00000| Complete 
|1102|0x00000000c4e00000, 0x00000000c4f00000, 0x00000000c4f00000|100%| E|CS|TAMS 0x00000000c4e00000| PB 0x00000000c4e00000| Complete 
|1103|0x00000000c4f00000, 0x00000000c5000000, 0x00000000c5000000|100%| E|CS|TAMS 0x00000000c4f00000| PB 0x00000000c4f00000| Complete 
|1104|0x00000000c5000000, 0x00000000c5100000, 0x00000000c5100000|100%| E|CS|TAMS 0x00000000c5000000| PB 0x00000000c5000000| Complete 
|1105|0x00000000c5100000, 0x00000000c5200000, 0x00000000c5200000|100%| E|CS|TAMS 0x00000000c5100000| PB 0x00000000c5100000| Complete 
|1106|0x00000000c5200000, 0x00000000c5300000, 0x00000000c5300000|100%| E|CS|TAMS 0x00000000c5200000| PB 0x00000000c5200000| Complete 
|1107|0x00000000c5300000, 0x00000000c5400000, 0x00000000c5400000|100%| E|CS|TAMS 0x00000000c5300000| PB 0x00000000c5300000| Complete 
|1108|0x00000000c5400000, 0x00000000c5500000, 0x00000000c5500000|100%| E|CS|TAMS 0x00000000c5400000| PB 0x00000000c5400000| Complete 
|1109|0x00000000c5500000, 0x00000000c5600000, 0x00000000c5600000|100%| E|CS|TAMS 0x00000000c5500000| PB 0x00000000c5500000| Complete 
|1110|0x00000000c5600000, 0x00000000c5700000, 0x00000000c5700000|100%| E|CS|TAMS 0x00000000c5600000| PB 0x00000000c5600000| Complete 
|1111|0x00000000c5700000, 0x00000000c5800000, 0x00000000c5800000|100%| E|CS|TAMS 0x00000000c5700000| PB 0x00000000c5700000| Complete 
|1112|0x00000000c5800000, 0x00000000c5900000, 0x00000000c5900000|100%| E|CS|TAMS 0x00000000c5800000| PB 0x00000000c5800000| Complete 
|1113|0x00000000c5900000, 0x00000000c5a00000, 0x00000000c5a00000|100%| E|CS|TAMS 0x00000000c5900000| PB 0x00000000c5900000| Complete 
|1114|0x00000000c5a00000, 0x00000000c5b00000, 0x00000000c5b00000|100%| E|CS|TAMS 0x00000000c5a00000| PB 0x00000000c5a00000| Complete 
|1115|0x00000000c5b00000, 0x00000000c5c00000, 0x00000000c5c00000|100%| E|CS|TAMS 0x00000000c5b00000| PB 0x00000000c5b00000| Complete 
|1116|0x00000000c5c00000, 0x00000000c5d00000, 0x00000000c5d00000|100%| E|CS|TAMS 0x00000000c5c00000| PB 0x00000000c5c00000| Complete 
|1117|0x00000000c5d00000, 0x00000000c5e00000, 0x00000000c5e00000|100%| E|CS|TAMS 0x00000000c5d00000| PB 0x00000000c5d00000| Complete 
|1118|0x00000000c5e00000, 0x00000000c5f00000, 0x00000000c5f00000|100%| E|CS|TAMS 0x00000000c5e00000| PB 0x00000000c5e00000| Complete 
|1119|0x00000000c5f00000, 0x00000000c6000000, 0x00000000c6000000|100%| E|CS|TAMS 0x00000000c5f00000| PB 0x00000000c5f00000| Complete 
|1120|0x00000000c6000000, 0x00000000c6100000, 0x00000000c6100000|100%| E|CS|TAMS 0x00000000c6000000| PB 0x00000000c6000000| Complete 
|1121|0x00000000c6100000, 0x00000000c6200000, 0x00000000c6200000|100%| E|CS|TAMS 0x00000000c6100000| PB 0x00000000c6100000| Complete 
|1122|0x00000000c6200000, 0x00000000c6300000, 0x00000000c6300000|100%| E|CS|TAMS 0x00000000c6200000| PB 0x00000000c6200000| Complete 
|1123|0x00000000c6300000, 0x00000000c6400000, 0x00000000c6400000|100%| E|CS|TAMS 0x00000000c6300000| PB 0x00000000c6300000| Complete 
|1124|0x00000000c6400000, 0x00000000c6500000, 0x00000000c6500000|100%| E|CS|TAMS 0x00000000c6400000| PB 0x00000000c6400000| Complete 
|1125|0x00000000c6500000, 0x00000000c6600000, 0x00000000c6600000|100%| E|CS|TAMS 0x00000000c6500000| PB 0x00000000c6500000| Complete 
|1126|0x00000000c6600000, 0x00000000c6700000, 0x00000000c6700000|100%| E|CS|TAMS 0x00000000c6600000| PB 0x00000000c6600000| Complete 
|1127|0x00000000c6700000, 0x00000000c6800000, 0x00000000c6800000|100%| E|CS|TAMS 0x00000000c6700000| PB 0x00000000c6700000| Complete 
|1128|0x00000000c6800000, 0x00000000c6900000, 0x00000000c6900000|100%| E|CS|TAMS 0x00000000c6800000| PB 0x00000000c6800000| Complete 
|1129|0x00000000c6900000, 0x00000000c6a00000, 0x00000000c6a00000|100%| E|CS|TAMS 0x00000000c6900000| PB 0x00000000c6900000| Complete 
|1130|0x00000000c6a00000, 0x00000000c6b00000, 0x00000000c6b00000|100%| E|CS|TAMS 0x00000000c6a00000| PB 0x00000000c6a00000| Complete 
|1131|0x00000000c6b00000, 0x00000000c6c00000, 0x00000000c6c00000|100%| E|CS|TAMS 0x00000000c6b00000| PB 0x00000000c6b00000| Complete 
|1132|0x00000000c6c00000, 0x00000000c6d00000, 0x00000000c6d00000|100%| E|CS|TAMS 0x00000000c6c00000| PB 0x00000000c6c00000| Complete 
|1133|0x00000000c6d00000, 0x00000000c6e00000, 0x00000000c6e00000|100%| E|CS|TAMS 0x00000000c6d00000| PB 0x00000000c6d00000| Complete 
|1134|0x00000000c6e00000, 0x00000000c6f00000, 0x00000000c6f00000|100%| E|CS|TAMS 0x00000000c6e00000| PB 0x00000000c6e00000| Complete 
|1135|0x00000000c6f00000, 0x00000000c7000000, 0x00000000c7000000|100%| E|CS|TAMS 0x00000000c6f00000| PB 0x00000000c6f00000| Complete 
|2045|0x00000000ffd00000, 0x00000000ffe00000, 0x00000000ffe00000|100%| O|  |TAMS 0x00000000ffe00000| PB 0x00000000ffe00000| Updating 
|2046|0x00000000ffe00000, 0x00000000fff00000, 0x00000000fff00000|100%| E|CS|TAMS 0x00000000ffe00000| PB 0x00000000ffe00000| Complete 
|2047|0x00000000fff00000, 0x0000000100000000, 0x0000000100000000|100%| O|  |TAMS 0x0000000100000000| PB 0x0000000100000000| Updating 

Card table byte_map: [0x000002bc9c000000,0x000002bc9c400000] _byte_map_base: 0x000002bc9bc00000

Marking Bits: (CMBitMap*) 0x000002bc83ce56a0
 Bits: [0x000002bc9c400000, 0x000002bc9e400000)

Polling page: 0x000002bc81c70000

Metaspace:

Usage:
  Non-class:    247.92 MB used.
      Class:     36.49 MB used.
       Both:    284.40 MB used.

Virtual space:
  Non-class space:      256.00 MB reserved,     250.94 MB ( 98%) committed,  4 nodes.
      Class space:      416.00 MB reserved,      39.00 MB (  9%) committed,  1 nodes.
             Both:      672.00 MB reserved,     289.94 MB ( 43%) committed. 

Chunk freelists:
   Non-Class:  5.48 MB
       Class:  9.52 MB
        Both:  15.00 MB

MaxMetaspaceSize: 512.00 MB
CompressedClassSpaceSize: 416.00 MB
Initial GC threshold: 21.00 MB
Current GC threshold: 480.00 MB
CDS: on
 - commit_granule_bytes: 65536.
 - commit_granule_words: 8192.
 - virtual_space_node_default_size: 8388608.
 - enlarge_chunks_in_place: 1.
 - use_allocation_guard: 0.


Internal statistics:

num_allocs_failed_limit: 9.
num_arena_births: 8334.
num_arena_deaths: 1622.
num_vsnodes_births: 5.
num_vsnodes_deaths: 0.
num_space_committed: 4639.
num_space_uncommitted: 3.
num_chunks_returned_to_freelist: 2574.
num_chunks_taken_from_freelist: 23784.
num_chunk_merges: 639.
num_chunk_splits: 14563.
num_chunks_enlarged: 8330.
num_inconsistent_stats: 0.

CodeHeap 'non-profiled nmethods': size=119168Kb used=27993Kb max_used=30903Kb free=91174Kb
 bounds [0x000002bc93cd0000, 0x000002bc95b00000, 0x000002bc9b130000]
CodeHeap 'profiled nmethods': size=119104Kb used=77712Kb max_used=88267Kb free=41391Kb
 bounds [0x000002bc8c130000, 0x000002bc91770000, 0x000002bc93580000]
CodeHeap 'non-nmethods': size=7488Kb used=5170Kb max_used=5241Kb free=2317Kb
 bounds [0x000002bc93580000, 0x000002bc93ab0000, 0x000002bc93cd0000]
 total_blobs=33727 nmethods=32309 adapters=1314
 compilation: enabled
              stopped_count=0, restarted_count=0
 full_count=0

Compilation events (20 events):
Event: 92.927 Thread 0x000002bcc68fb3d0 nmethod 55096 0x000002bc955b9e10 code [0x000002bc955ba3c0, 0x000002bc955bcad0]
Event: 92.927 Thread 0x000002bcc1f93010 nmethod 55121 0x000002bc9175ef10 code [0x000002bc9175f2a0, 0x000002bc91761008]
Event: 92.928 Thread 0x000002bcc68fb3d0 55117       4       java.util.ArrayDeque::grow (165 bytes)
Event: 92.932 Thread 0x000002bca188e310 nmethod 55115 0x000002bc955b5f10 code [0x000002bc955b6300, 0x000002bc955b8690]
Event: 92.932 Thread 0x000002bcc1f93010 55122       2       com.android.tools.r8.internal.ft::b (34 bytes)
Event: 92.932 Thread 0x000002bca188e310 55119       4       com.android.tools.r8.ir.optimize.s::a (167 bytes)
Event: 92.933 Thread 0x000002bca18af020 55123       2       com.android.tools.r8.internal.Q3::y (2 bytes)
Event: 92.933 Thread 0x000002bcc1f93010 nmethod 55122 0x000002bc91761810 code [0x000002bc91761a00, 0x000002bc91761c70]
Event: 92.933 Thread 0x000002bca18af020 nmethod 55123 0x000002bc91761d90 code [0x000002bc91761f20, 0x000002bc91762028]
Event: 92.940 Thread 0x000002bca18af020 55124       3       com.android.tools.r8.internal.zx0::Z (62 bytes)
Event: 92.945 Thread 0x000002bca19f28c0 55125       2       com.android.tools.r8.internal.sR::equals (9 bytes)
Event: 92.948 Thread 0x000002bca19f28c0 nmethod 55125 0x000002bc91762090 code [0x000002bc91762240, 0x000002bc91762380]
Event: 92.948 Thread 0x000002bca18af020 nmethod 55124 0x000002bc91762410 code [0x000002bc917625e0, 0x000002bc91762a00]
Event: 92.948 Thread 0x000002bcc68fb3d0 nmethod 55117 0x000002bc955b5190 code [0x000002bc955b5360, 0x000002bc955b5c30]
Event: 92.949 Thread 0x000002bcc68fb3d0 55120       4       java.util.ArrayDeque::forEach (93 bytes)
Event: 92.954 Thread 0x000002bcc1c8b730 55126       2       com.android.tools.r8.internal.dw0::k (2 bytes)
Event: 92.954 Thread 0x000002bcc1c8b730 nmethod 55126 0x000002bc91762b90 code [0x000002bc91762d20, 0x000002bc91762e28]
Event: 92.957 Thread 0x000002bcc68fb3d0 nmethod 55120 0x000002bc955b4310 code [0x000002bc955b4520, 0x000002bc955b4ce0]
Event: 92.958 Thread 0x000002bcc68fb3d0 55114       4       com.android.tools.r8.internal.nB::a (38 bytes)
Event: 92.965 Thread 0x000002bca188e310 nmethod 55119 0x000002bc955b2610 code [0x000002bc955b28a0, 0x000002bc955b3680]

GC Heap History (20 events):
Event: 56.206 GC heap before
{Heap before GC invocations=72 (full 0):
 garbage-first heap   total 987136K, used 851722K [0x0000000080000000, 0x0000000100000000)
  region size 1024K, 341 young (349184K), 17 survivors (17408K)
 Metaspace       used 207639K, committed 211264K, reserved 622592K
  class space    used 27240K, committed 28992K, reserved 425984K
}
Event: 56.234 GC heap after
{Heap after GC invocations=73 (full 0):
 garbage-first heap   total 987136K, used 521778K [0x0000000080000000, 0x0000000100000000)
  region size 1024K, 36 young (36864K), 36 survivors (36864K)
 Metaspace       used 207639K, committed 211264K, reserved 622592K
  class space    used 27240K, committed 28992K, reserved 425984K
}
Event: 59.538 GC heap before
{Heap before GC invocations=73 (full 0):
 garbage-first heap   total 987136K, used 886322K [0x0000000080000000, 0x0000000100000000)
  region size 1024K, 391 young (400384K), 36 survivors (36864K)
 Metaspace       used 218414K, committed 222144K, reserved 622592K
  class space    used 28403K, committed 30208K, reserved 425984K
}
Event: 59.583 GC heap after
{Heap after GC invocations=74 (full 0):
 garbage-first heap   total 988160K, used 586847K [0x0000000080000000, 0x0000000100000000)
  region size 1024K, 49 young (50176K), 49 survivors (50176K)
 Metaspace       used 218414K, committed 222144K, reserved 622592K
  class space    used 28403K, committed 30208K, reserved 425984K
}
Event: 61.962 GC heap before
{Heap before GC invocations=74 (full 0):
 garbage-first heap   total 988160K, used 848991K [0x0000000080000000, 0x0000000100000000)
  region size 1024K, 307 young (314368K), 49 survivors (50176K)
 Metaspace       used 230567K, committed 234432K, reserved 688128K
  class space    used 30262K, committed 32128K, reserved 425984K
}
Event: 61.998 GC heap after
{Heap after GC invocations=75 (full 0):
 garbage-first heap   total 988160K, used 619520K [0x0000000080000000, 0x0000000100000000)
  region size 1024K, 30 young (30720K), 30 survivors (30720K)
 Metaspace       used 230567K, committed 234432K, reserved 688128K
  class space    used 30262K, committed 32128K, reserved 425984K
}
Event: 68.048 GC heap before
{Heap before GC invocations=76 (full 0):
 garbage-first heap   total 1048576K, used 888832K [0x0000000080000000, 0x0000000100000000)
  region size 1024K, 297 young (304128K), 30 survivors (30720K)
 Metaspace       used 260992K, committed 265728K, reserved 688128K
  class space    used 34029K, committed 36352K, reserved 425984K
}
Event: 68.075 GC heap after
{Heap after GC invocations=77 (full 0):
 garbage-first heap   total 1048576K, used 640878K [0x0000000080000000, 0x0000000100000000)
  region size 1024K, 25 young (25600K), 25 survivors (25600K)
 Metaspace       used 260992K, committed 265728K, reserved 688128K
  class space    used 34029K, committed 36352K, reserved 425984K
}
Event: 72.662 GC heap before
{Heap before GC invocations=77 (full 0):
 garbage-first heap   total 1048576K, used 886638K [0x0000000080000000, 0x0000000100000000)
  region size 1024K, 267 young (273408K), 25 survivors (25600K)
 Metaspace       used 279590K, committed 284288K, reserved 688128K
  class space    used 36194K, committed 38528K, reserved 425984K
}
Event: 72.690 GC heap after
{Heap after GC invocations=78 (full 0):
 garbage-first heap   total 1048576K, used 657199K [0x0000000080000000, 0x0000000100000000)
  region size 1024K, 16 young (16384K), 16 survivors (16384K)
 Metaspace       used 279590K, committed 284288K, reserved 688128K
  class space    used 36194K, committed 38528K, reserved 425984K
}
Event: 82.495 GC heap before
{Heap before GC invocations=79 (full 0):
 garbage-first heap   total 1118208K, used 962351K [0x0000000080000000, 0x0000000100000000)
  region size 1024K, 316 young (323584K), 16 survivors (16384K)
 Metaspace       used 289723K, committed 294400K, reserved 688128K
  class space    used 37492K, committed 39808K, reserved 425984K
}
Event: 82.521 GC heap after
{Heap after GC invocations=80 (full 0):
 garbage-first heap   total 1118208K, used 680259K [0x0000000080000000, 0x0000000100000000)
  region size 1024K, 40 young (40960K), 40 survivors (40960K)
 Metaspace       used 289723K, committed 294400K, reserved 688128K
  class space    used 37492K, committed 39808K, reserved 425984K
}
Event: 83.965 GC heap before
{Heap before GC invocations=80 (full 0):
 garbage-first heap   total 1118208K, used 756035K [0x0000000080000000, 0x0000000100000000)
  region size 1024K, 115 young (117760K), 40 survivors (40960K)
 Metaspace       used 290129K, committed 294848K, reserved 688128K
  class space    used 37513K, committed 39808K, reserved 425984K
}
Event: 83.989 GC heap after
{Heap after GC invocations=81 (full 0):
 garbage-first heap   total 1118208K, used 690351K [0x0000000080000000, 0x0000000100000000)
  region size 1024K, 10 young (10240K), 10 survivors (10240K)
 Metaspace       used 290129K, committed 294848K, reserved 688128K
  class space    used 37513K, committed 39808K, reserved 425984K
}
Event: 89.415 GC heap before
{Heap before GC invocations=82 (full 0):
 garbage-first heap   total 1166336K, used 1036463K [0x0000000080000000, 0x0000000100000000)
  region size 1024K, 347 young (355328K), 10 survivors (10240K)
 Metaspace       used 290409K, committed 295744K, reserved 688128K
  class space    used 37352K, committed 39872K, reserved 425984K
}
Event: 89.435 GC heap after
{Heap after GC invocations=83 (full 0):
 garbage-first heap   total 1166336K, used 718023K [0x0000000080000000, 0x0000000100000000)
  region size 1024K, 37 young (37888K), 37 survivors (37888K)
 Metaspace       used 290409K, committed 295744K, reserved 688128K
  class space    used 37352K, committed 39872K, reserved 425984K
}
Event: 92.033 GC heap before
{Heap before GC invocations=83 (full 0):
 garbage-first heap   total 1166336K, used 1068231K [0x0000000080000000, 0x0000000100000000)
  region size 1024K, 379 young (388096K), 37 survivors (37888K)
 Metaspace       used 291965K, committed 296896K, reserved 688128K
  class space    used 37472K, committed 39936K, reserved 425984K
}
Event: 92.068 GC heap after
{Heap after GC invocations=84 (full 0):
 garbage-first heap   total 1166336K, used 718596K [0x0000000080000000, 0x0000000100000000)
  region size 1024K, 22 young (22528K), 22 survivors (22528K)
 Metaspace       used 291965K, committed 296896K, reserved 688128K
  class space    used 37472K, committed 39936K, reserved 425984K
}
Event: 92.516 GC heap before
{Heap before GC invocations=84 (full 0):
 garbage-first heap   total 1166336K, used 1083140K [0x0000000080000000, 0x0000000100000000)
  region size 1024K, 378 young (387072K), 22 survivors (22528K)
 Metaspace       used 291987K, committed 296896K, reserved 688128K
  class space    used 37472K, committed 39936K, reserved 425984K
}
Event: 92.535 GC heap after
{Heap after GC invocations=85 (full 0):
 garbage-first heap   total 1166336K, used 736256K [0x0000000080000000, 0x0000000100000000)
  region size 1024K, 39 young (39936K), 39 survivors (39936K)
 Metaspace       used 291987K, committed 296896K, reserved 688128K
  class space    used 37472K, committed 39936K, reserved 425984K
}

Dll operation events (17 events):
Event: 0.013 Loaded shared library C:\Program Files\Java\jdk-21.0.10\bin\java.dll
Event: 0.044 Loaded shared library C:\Program Files\Java\jdk-21.0.10\bin\jsvml.dll
Event: 0.072 Loaded shared library C:\Program Files\Java\jdk-21.0.10\bin\zip.dll
Event: 0.076 Loaded shared library C:\Program Files\Java\jdk-21.0.10\bin\instrument.dll
Event: 0.080 Loaded shared library C:\Program Files\Java\jdk-21.0.10\bin\net.dll
Event: 0.081 Loaded shared library C:\Program Files\Java\jdk-21.0.10\bin\nio.dll
Event: 0.085 Loaded shared library C:\Program Files\Java\jdk-21.0.10\bin\zip.dll
Event: 0.296 Loaded shared library C:\Program Files\Java\jdk-21.0.10\bin\jimage.dll
Event: 0.415 Loaded shared library C:\Program Files\Java\jdk-21.0.10\bin\verify.dll
Event: 0.488 Loaded shared library C:\Users\Admin\.gradle\native\1def1411415f61bf3af743bc5b6707747c0891f09f0c88961ee8f79bc544acac\windows-amd64\native-platform.dll
Event: 0.502 Loaded shared library C:\Users\Admin\.gradle\native\0.2.7\x86_64-windows-gnu\gradle-fileevents.dll
Event: 1.487 Loaded shared library C:\Program Files\Java\jdk-21.0.10\bin\management.dll
Event: 1.500 Loaded shared library C:\Program Files\Java\jdk-21.0.10\bin\management_ext.dll
Event: 1.642 Loaded shared library C:\Program Files\Java\jdk-21.0.10\bin\extnet.dll
Event: 1.843 Loaded shared library C:\Program Files\Java\jdk-21.0.10\bin\sunmscapi.dll
Event: 56.655 Loaded shared library C:\Program Files\Java\jdk-21.0.10\bin\awt.dll
Event: 57.242 Loaded shared library C:\Program Files\Java\jdk-21.0.10\bin\rmi.dll

Deoptimization events (20 events):
Event: 92.269 Thread 0x000002bcc3337380 DEOPT PACKING pc=0x000002bc90853f9d sp=0x000000c917bf95d0
Event: 92.269 Thread 0x000002bcc3337380 DEOPT UNPACKING pc=0x000002bc935d4e42 sp=0x000000c917bf8b18 mode 0
Event: 92.336 Thread 0x000002bcc3337380 Uncommon trap: trap_request=0xffffff6e fr.pc=0x000002bc95744714 relative=0x00000000000003d4
Event: 92.336 Thread 0x000002bcc3337380 Uncommon trap: reason=loop_limit_check action=maybe_recompile pc=0x000002bc95744714 method=com.android.tools.r8.internal.yI.remove(I)Z @ 1558 c2
Event: 92.336 Thread 0x000002bcc3337380 DEOPT PACKING pc=0x000002bc95744714 sp=0x000000c917bf8700
Event: 92.336 Thread 0x000002bcc3337380 DEOPT UNPACKING pc=0x000002bc935d46a2 sp=0x000000c917bf86d0 mode 2
Event: 92.424 Thread 0x000002bcc3337380 Uncommon trap: trap_request=0xffffff45 fr.pc=0x000002bc95233570 relative=0x00000000000001f0
Event: 92.424 Thread 0x000002bcc3337380 Uncommon trap: reason=unstable_if action=reinterpret pc=0x000002bc95233570 method=com.android.tools.r8.ir.optimize.s.a(Ljava/lang/Object;Ljava/lang/Object;)Z @ 30 c2
Event: 92.425 Thread 0x000002bcc3337380 DEOPT PACKING pc=0x000002bc95233570 sp=0x000000c917bf8fb0
Event: 92.425 Thread 0x000002bcc3337380 DEOPT UNPACKING pc=0x000002bc935d46a2 sp=0x000000c917bf8f28 mode 2
Event: 92.608 Thread 0x000002bcc3337380 DEOPT PACKING pc=0x000002bc8efe65c7 sp=0x000000c917bf9520
Event: 92.608 Thread 0x000002bcc3337380 DEOPT UNPACKING pc=0x000002bc935d4e42 sp=0x000000c917bf8ac0 mode 0
Event: 92.608 Thread 0x000002bcc3337380 DEOPT PACKING pc=0x000002bc8f0696f1 sp=0x000000c917bf93b0
Event: 92.608 Thread 0x000002bcc3337380 DEOPT UNPACKING pc=0x000002bc935d4e42 sp=0x000000c917bf89e0 mode 0
Event: 92.718 Thread 0x000002bcc3337380 Uncommon trap: trap_request=0xffffff45 fr.pc=0x000002bc94ae57c8 relative=0x0000000000001688
Event: 92.718 Thread 0x000002bcc3337380 Uncommon trap: reason=unstable_if action=reinterpret pc=0x000002bc94ae57c8 method=com.android.tools.r8.internal.MF.a(ILjava/lang/Object;)Ljava/lang/Object; @ 708 c2
Event: 92.718 Thread 0x000002bcc3337380 DEOPT PACKING pc=0x000002bc94ae57c8 sp=0x000000c917bf93e0
Event: 92.718 Thread 0x000002bcc3337380 DEOPT UNPACKING pc=0x000002bc935d46a2 sp=0x000000c917bf9398 mode 2
Event: 92.759 Thread 0x000002bcc3337380 DEOPT PACKING pc=0x000002bc91675220 sp=0x000000c917bf9110
Event: 92.759 Thread 0x000002bcc3337380 DEOPT UNPACKING pc=0x000002bc935d4e42 sp=0x000000c917bf8690 mode 0

Classes loaded (20 events):
Event: 82.792 Loading class java/lang/Object$STANDARD_OUT
Event: 82.792 Loading class java/lang/Object$STANDARD_OUT done
Event: 82.793 Loading class java/lang/Object$FULL
Event: 82.793 Loading class java/lang/Object$FULL done
Event: 82.793 Loading class java/lang/Object$STARTED
Event: 82.793 Loading class java/lang/Object$STARTED done
Event: 82.793 Loading class java/lang/Object$STANDARD_ERROR
Event: 82.793 Loading class java/lang/Object$STANDARD_ERROR done
Event: 89.240 Loading class sun/nio/cs/ThreadLocalCoders
Event: 89.241 Loading class sun/nio/cs/ThreadLocalCoders done
Event: 89.241 Loading class sun/nio/cs/ThreadLocalCoders$1
Event: 89.241 Loading class sun/nio/cs/ThreadLocalCoders$Cache
Event: 89.241 Loading class sun/nio/cs/ThreadLocalCoders$Cache done
Event: 89.241 Loading class sun/nio/cs/ThreadLocalCoders$1 done
Event: 89.242 Loading class sun/nio/cs/ThreadLocalCoders$2
Event: 89.242 Loading class sun/nio/cs/ThreadLocalCoders$2 done
Event: 90.784 Loading class java/util/concurrent/ConcurrentHashMap$TreeNode
Event: 90.785 Loading class java/util/concurrent/ConcurrentHashMap$TreeNode done
Event: 90.785 Loading class java/util/concurrent/ConcurrentHashMap$TreeBin
Event: 90.786 Loading class java/util/concurrent/ConcurrentHashMap$TreeBin done

Classes unloaded (20 events):
Event: 92.967 Thread 0x000002bca185cda0 Unloading class 0x000002bca4c5f530 'jdk/internal/jimage/ImageHeader'
Event: 92.967 Thread 0x000002bca185cda0 Unloading class 0x000002bca4c5f308 'jdk/internal/jimage/BasicImageReader$2'
Event: 92.967 Thread 0x000002bca185cda0 Unloading class 0x000002bca4c5f0e0 'jdk/internal/jimage/BasicImageReader$1'
Event: 92.967 Thread 0x000002bca185cda0 Unloading class 0x000002bca4c5ee80 'jdk/internal/jimage/ImageReader$Resource'
Event: 92.967 Thread 0x000002bca185cda0 Unloading class 0x000002bca4c5ec20 'jdk/internal/jimage/ImageReader$LinkNode'
Event: 92.967 Thread 0x000002bca185cda0 Unloading class 0x000002bca4c5e9c0 'jdk/internal/jimage/ImageReader$Directory'
Event: 92.967 Thread 0x000002bca185cda0 Unloading class 0x000002bca4c5e760 'jdk/internal/jimage/ImageReader$Node'
Event: 92.967 Thread 0x000002bca185cda0 Unloading class 0x000002bca4c5e570 'jdk/internal/jimage/ImageStrings'
Event: 92.967 Thread 0x000002bca185cda0 Unloading class 0x000002bca4c5e2b8 'jdk/internal/jimage/ImageReader$SharedImageReader'
Event: 92.967 Thread 0x000002bca185cda0 Unloading class 0x000002bca4c5e000 'jdk/internal/jimage/BasicImageReader'
Event: 92.967 Thread 0x000002bca185cda0 Unloading class 0x000002bca4c5dc00 'jdk/internal/jimage/ImageReader'
Event: 92.967 Thread 0x000002bca185cda0 Unloading class 0x000002bca4c5d438 'jdk/internal/jrtfs/SystemImage$2'
Event: 92.967 Thread 0x000002bca185cda0 Unloading class 0x000002bca4c5d228 'jdk/internal/jrtfs/SystemImage$$Lambda+0x000002bca4c5d228'
Event: 92.967 Thread 0x000002bca185cda0 Unloading class 0x000002bca4c5d000 'jdk/internal/jrtfs/ExplodedImage'
Event: 92.967 Thread 0x000002bca185cda0 Unloading class 0x000002bca4c5cdb0 'jdk/internal/jrtfs/SystemImage$1'
Event: 92.967 Thread 0x000002bca185cda0 Unloading class 0x000002bca4c5cba0 'jdk/internal/jrtfs/SystemImage'
Event: 92.967 Thread 0x000002bca185cda0 Unloading class 0x000002bca4c5c948 'jdk/internal/jrtfs/JrtFileStore'
Event: 92.967 Thread 0x000002bca185cda0 Unloading class 0x000002bca4c5c5d8 'jdk/internal/jrtfs/JrtPath'
Event: 92.967 Thread 0x000002bca185cda0 Unloading class 0x000002bca4c5c2e8 'jdk/internal/jrtfs/JrtFileSystem'
Event: 92.967 Thread 0x000002bca185cda0 Unloading class 0x000002bca4c5c000 'jdk/internal/jrtfs/JrtFileSystemProvider'

Classes redefined (0 events):
No events

Internal exceptions (20 events):
Event: 92.484 Thread 0x000002bcd3a64430 Exception <a 'sun/nio/fs/WindowsException'{0x00000000b1480940}> (0x00000000b1480940) 
thrown [s\open\src\hotspot\share\prims\jni.cpp, line 520]
Event: 92.485 Thread 0x000002bcc3336660 Exception <a 'sun/nio/fs/WindowsException'{0x00000000b5205c00}> (0x00000000b5205c00) 
thrown [s\open\src\hotspot\share\prims\jni.cpp, line 520]
Event: 92.486 Thread 0x000002bcc3331110 Exception <a 'sun/nio/fs/WindowsException'{0x00000000c1c10fb0}> (0x00000000c1c10fb0) 
thrown [s\open\src\hotspot\share\prims\jni.cpp, line 520]
Event: 92.490 Thread 0x000002bcc8a493d0 Exception <a 'sun/nio/fs/WindowsException'{0x00000000bb511188}> (0x00000000bb511188) 
thrown [s\open\src\hotspot\share\prims\jni.cpp, line 520]
Event: 92.495 Thread 0x000002bcc3336cf0 Exception <a 'sun/nio/fs/WindowsException'{0x00000000b0f012f8}> (0x00000000b0f012f8) 
thrown [s\open\src\hotspot\share\prims\jni.cpp, line 520]
Event: 92.537 Thread 0x000002bcc3336cf0 Exception <a 'sun/nio/fs/WindowsException'{0x00000000ffe823a8}> (0x00000000ffe823a8) 
thrown [s\open\src\hotspot\share\prims\jni.cpp, line 520]
Event: 92.558 Thread 0x000002bcc3336cf0 Exception <a 'sun/nio/fs/WindowsException'{0x00000000ffe84a18}> (0x00000000ffe84a18) 
thrown [s\open\src\hotspot\share\prims\jni.cpp, line 520]
Event: 92.566 Thread 0x000002bcc8a44ba0 Exception <a 'sun/nio/fs/WindowsException'{0x00000000c5802d48}> (0x00000000c5802d48) 
thrown [s\open\src\hotspot\share\prims\jni.cpp, line 520]
Event: 92.570 Thread 0x000002bcc8a44ba0 Exception <a 'sun/nio/fs/WindowsException'{0x00000000c5805540}> (0x00000000c5805540) 
thrown [s\open\src\hotspot\share\prims\jni.cpp, line 520]
Event: 92.571 Thread 0x000002bcc909cff0 Exception <a 'sun/nio/fs/WindowsException'{0x00000000c5202430}> (0x00000000c5202430) 
thrown [s\open\src\hotspot\share\prims\jni.cpp, line 520]
Event: 92.574 Thread 0x000002bcc8a44ba0 Exception <a 'sun/nio/fs/WindowsException'{0x00000000c5807b88}> (0x00000000c5807b88) 
thrown [s\open\src\hotspot\share\prims\jni.cpp, line 520]
Event: 92.574 Thread 0x000002bcc33317a0 Exception <a 'sun/nio/fs/WindowsException'{0x00000000c5213b48}> (0x00000000c5213b48) 
thrown [s\open\src\hotspot\share\prims\jni.cpp, line 520]
Event: 92.575 Thread 0x000002bcc3331110 Exception <a 'sun/nio/fs/WindowsException'{0x00000000c5208858}> (0x00000000c5208858) 
thrown [s\open\src\hotspot\share\prims\jni.cpp, line 520]
Event: 92.575 Thread 0x000002bcd3a64430 Exception <a 'sun/nio/fs/WindowsException'{0x00000000c5205e10}> (0x00000000c5205e10) 
thrown [s\open\src\hotspot\share\prims\jni.cpp, line 520]
Event: 92.587 Thread 0x000002bcc33352b0 Exception <a 'sun/nio/fs/WindowsException'{0x00000000c4e027d8}> (0x00000000c4e027d8) 
thrown [s\open\src\hotspot\share\prims\jni.cpp, line 520]
Event: 92.594 Thread 0x000002bcc33352b0 Exception <a 'sun/nio/fs/WindowsException'{0x00000000c4e05290}> (0x00000000c4e05290) 
thrown [s\open\src\hotspot\share\prims\jni.cpp, line 520]
Event: 92.603 Thread 0x000002bcc33352b0 Exception <a 'sun/nio/fs/WindowsException'{0x00000000c4e07c00}> (0x00000000c4e07c00) 
thrown [s\open\src\hotspot\share\prims\jni.cpp, line 520]
Event: 92.609 Thread 0x000002bcc33352b0 Exception <a 'sun/nio/fs/WindowsException'{0x00000000c4e0a5e8}> (0x00000000c4e0a5e8) 
thrown [s\open\src\hotspot\share\prims\jni.cpp, line 520]
Event: 92.612 Thread 0x000002bcc33352b0 Exception <a 'sun/nio/fs/WindowsException'{0x00000000c40813d8}> (0x00000000c40813d8) 
thrown [s\open\src\hotspot\share\prims\jni.cpp, line 520]
Event: 92.619 Thread 0x000002bcc33352b0 Exception <a 'sun/nio/fs/WindowsException'{0x00000000c4083cc0}> (0x00000000c4083cc0) 
thrown [s\open\src\hotspot\share\prims\jni.cpp, line 520]

ZGC Phase Switch (0 events):
No events

VM Operations (20 events):
Event: 89.963 Executing VM operation: ICBufferFull done
Event: 90.265 Executing VM operation: ICBufferFull
Event: 90.266 Executing VM operation: ICBufferFull done
Event: 90.781 Executing VM operation: ICBufferFull
Event: 90.781 Executing VM operation: ICBufferFull done
Event: 91.136 Executing VM operation: ICBufferFull
Event: 91.137 Executing VM operation: ICBufferFull done
Event: 91.448 Executing VM operation: ICBufferFull
Event: 91.450 Executing VM operation: ICBufferFull done
Event: 91.646 Executing VM operation: HandshakeAllThreads (Deoptimize)
Event: 91.658 Executing VM operation: HandshakeAllThreads (Deoptimize) done
Event: 91.703 Executing VM operation: HandshakeAllThreads (Deoptimize)
Event: 91.705 Executing VM operation: HandshakeAllThreads (Deoptimize) done
Event: 91.908 Executing VM operation: ICBufferFull
Event: 91.909 Executing VM operation: ICBufferFull done
Event: 92.032 Executing VM operation: G1CollectForAllocation (G1 Evacuation Pause)
Event: 92.068 Executing VM operation: G1CollectForAllocation (G1 Evacuation Pause) done
Event: 92.501 Executing VM operation: G1CollectForAllocation (G1 Evacuation Pause)
Event: 92.536 Executing VM operation: G1CollectForAllocation (G1 Evacuation Pause) done
Event: 92.965 Executing VM operation: G1PauseRemark

Events (20 events):
Event: 93.029 Thread 0x000002bca185cda0 flushing nmethod 0x000002bc90a3d890
Event: 93.029 Thread 0x000002bca185cda0 flushing nmethod 0x000002bc90a3f690
Event: 93.029 Thread 0x000002bca185cda0 flushing nmethod 0x000002bc90a40390
Event: 93.029 Thread 0x000002bca185cda0 flushing nmethod 0x000002bc90a41790
Event: 93.029 Thread 0x000002bca185cda0 flushing nmethod 0x000002bc90a42490
Event: 93.029 Thread 0x000002bca185cda0 flushing nmethod 0x000002bc90aacd10
Event: 93.029 Thread 0x000002bca185cda0 flushing nmethod 0x000002bc90aadf10
Event: 93.029 Thread 0x000002bca185cda0 flushing nmethod 0x000002bc90aaeb10
Event: 93.029 Thread 0x000002bca185cda0 flushing nmethod 0x000002bc90ab0e90
Event: 93.029 Thread 0x000002bca185cda0 flushing nmethod 0x000002bc90ab7b10
Event: 93.029 Thread 0x000002bca185cda0 flushing nmethod 0x000002bc90c9a110
Event: 93.029 Thread 0x000002bca185cda0 flushing nmethod 0x000002bc90c9d410
Event: 93.029 Thread 0x000002bca185cda0 flushing nmethod 0x000002bc90ed8590
Event: 93.029 Thread 0x000002bca185cda0 flushing nmethod 0x000002bc90f5da10
Event: 93.029 Thread 0x000002bca185cda0 flushing nmethod 0x000002bc90f5f110
Event: 93.029 Thread 0x000002bca185cda0 flushing nmethod 0x000002bc90f61f90
Event: 93.029 Thread 0x000002bca185cda0 flushing nmethod 0x000002bc90f64590
Event: 93.029 Thread 0x000002bca185cda0 flushing nmethod 0x000002bc90f66490
Event: 93.029 Thread 0x000002bca185cda0 flushing nmethod 0x000002bc90f68810
Event: 93.029 Thread 0x000002bca185cda0 flushing nmethod 0x000002bc90f69190


Dynamic libraries:
0x00007ff6bef70000 - 0x00007ff6bef80000 	C:\Program Files\Java\jdk-21.0.10\bin\java.exe
0x00007ff94a7f0000 - 0x00007ff94aa07000 	C:\WINDOWS\SYSTEM32\ntdll.dll
0x00007ff948a50000 - 0x00007ff948b14000 	C:\WINDOWS\System32\KERNEL32.DLL
0x00007ff947fb0000 - 0x00007ff948383000 	C:\WINDOWS\System32\KERNELBASE.dll
0x00007ff947bf0000 - 0x00007ff947d01000 	C:\WINDOWS\System32\ucrtbase.dll
0x00007ff939f80000 - 0x00007ff939f99000 	C:\Program Files\Java\jdk-21.0.10\bin\jli.dll
0x00007ff9337b0000 - 0x00007ff9337ce000 	C:\Program Files\Java\jdk-21.0.10\bin\VCRUNTIME140.dll
0x00007ff949570000 - 0x00007ff949621000 	C:\WINDOWS\System32\ADVAPI32.dll
0x00007ff9488b0000 - 0x00007ff948957000 	C:\WINDOWS\System32\msvcrt.dll
0x00007ff94a480000 - 0x00007ff94a527000 	C:\WINDOWS\System32\sechost.dll
0x00007ff947aa0000 - 0x00007ff947ac8000 	C:\WINDOWS\System32\bcrypt.dll
0x00007ff948610000 - 0x00007ff948724000 	C:\WINDOWS\System32\RPCRT4.dll
0x00007ff94a530000 - 0x00007ff94a6e1000 	C:\WINDOWS\System32\USER32.dll
0x00007ff948390000 - 0x00007ff9483b6000 	C:\WINDOWS\System32\win32u.dll
0x00007ff9345c0000 - 0x00007ff93485b000 	C:\WINDOWS\WinSxS\amd64_microsoft.windows.common-controls_6595b64144ccf1df_6.0.22621.5262_none_2712bde373830908\COMCTL32.dll
0x00007ff94a6f0000 - 0x00007ff94a719000 	C:\WINDOWS\System32\GDI32.dll
0x00007ff947d10000 - 0x00007ff947e32000 	C:\WINDOWS\System32\gdi32full.dll
0x00007ff947ad0000 - 0x00007ff947b6a000 	C:\WINDOWS\System32\msvcp_win.dll
0x00007ff934a60000 - 0x00007ff934a6a000 	C:\WINDOWS\SYSTEM32\VERSION.dll
0x00007ff948960000 - 0x00007ff948991000 	C:\WINDOWS\System32\IMM32.DLL
0x00007ff9437a0000 - 0x00007ff9437ac000 	C:\Program Files\Java\jdk-21.0.10\bin\vcruntime140_1.dll
0x00007ff922880000 - 0x00007ff92290d000 	C:\Program Files\Java\jdk-21.0.10\bin\msvcp140.dll
0x00007ff909c60000 - 0x00007ff90a987000 	C:\Program Files\Java\jdk-21.0.10\bin\server\jvm.dll
0x00007ff946a90000 - 0x00007ff946add000 	C:\WINDOWS\SYSTEM32\POWRPROF.dll
0x00007ff948480000 - 0x00007ff9484f1000 	C:\WINDOWS\System32\WS2_32.dll
0x00007ff93b8d0000 - 0x00007ff93b904000 	C:\WINDOWS\SYSTEM32\WINMM.dll
0x00007ff946a70000 - 0x00007ff946a83000 	C:\WINDOWS\SYSTEM32\UMPDC.dll
0x00007ff9468f0000 - 0x00007ff946908000 	C:\WINDOWS\SYSTEM32\kernel.appcore.dll
0x00007ff93aeb0000 - 0x00007ff93aeba000 	C:\Program Files\Java\jdk-21.0.10\bin\jimage.dll
0x00007ff934b60000 - 0x00007ff934d92000 	C:\WINDOWS\SYSTEM32\DBGHELP.DLL
0x00007ff9491d0000 - 0x00007ff949563000 	C:\WINDOWS\System32\combase.dll
0x00007ff94a3a0000 - 0x00007ff94a477000 	C:\WINDOWS\System32\OLEAUT32.dll
0x00007ff922bb0000 - 0x00007ff922be2000 	C:\WINDOWS\SYSTEM32\dbgcore.DLL
0x00007ff947a20000 - 0x00007ff947a9b000 	C:\WINDOWS\System32\bcryptPrimitives.dll
0x00007ff939f70000 - 0x00007ff939f80000 	C:\Program Files\Java\jdk-21.0.10\bin\instrument.dll
0x00007ff928130000 - 0x00007ff928151000 	C:\Program Files\Java\jdk-21.0.10\bin\java.dll
0x00007ff949910000 - 0x00007ff94a1ad000 	C:\WINDOWS\System32\SHELL32.dll
0x00007ff9478e0000 - 0x00007ff947a1f000 	C:\WINDOWS\System32\wintypes.dll
0x00007ff9457d0000 - 0x00007ff9460ed000 	C:\WINDOWS\SYSTEM32\windows.storage.dll
0x00007ff948500000 - 0x00007ff94860b000 	C:\WINDOWS\System32\SHCORE.dll
0x00007ff948810000 - 0x00007ff948876000 	C:\WINDOWS\System32\shlwapi.dll
0x00007ff947810000 - 0x00007ff94783b000 	C:\WINDOWS\SYSTEM32\profapi.dll
0x00007ff90af20000 - 0x00007ff90aff7000 	C:\Program Files\Java\jdk-21.0.10\bin\jsvml.dll
0x00007ff933790000 - 0x00007ff9337a8000 	C:\Program Files\Java\jdk-21.0.10\bin\zip.dll
0x00007ff922eb0000 - 0x00007ff922ec1000 	C:\Program Files\Java\jdk-21.0.10\bin\net.dll
0x00007ff941ca0000 - 0x00007ff941dcc000 	C:\WINDOWS\SYSTEM32\WINHTTP.dll
0x00007ff946e40000 - 0x00007ff946eaa000 	C:\WINDOWS\system32\mswsock.dll
0x00007ff922e90000 - 0x00007ff922ea6000 	C:\Program Files\Java\jdk-21.0.10\bin\nio.dll
0x00007ff926e00000 - 0x00007ff926e10000 	C:\Program Files\Java\jdk-21.0.10\bin\verify.dll
0x00007ff93adf0000 - 0x00007ff93ae17000 	C:\Users\Admin\.gradle\native\1def1411415f61bf3af743bc5b6707747c0891f09f0c88961ee8f79bc544acac\windows-amd64\native-platform.dll
0x00007ff9223f0000 - 0x00007ff922468000 	C:\Users\Admin\.gradle\native\0.2.7\x86_64-windows-gnu\gradle-fileevents.dll
0x00007ff925980000 - 0x00007ff92598a000 	C:\Program Files\Java\jdk-21.0.10\bin\management.dll
0x00007ff922e80000 - 0x00007ff922e8c000 	C:\Program Files\Java\jdk-21.0.10\bin\management_ext.dll
0x00007ff948880000 - 0x00007ff948888000 	C:\WINDOWS\System32\PSAPI.DLL
0x00007ff946390000 - 0x00007ff9463bd000 	C:\WINDOWS\SYSTEM32\IPHLPAPI.DLL
0x00007ff948800000 - 0x00007ff948809000 	C:\WINDOWS\System32\NSI.dll
0x00007ff9229c0000 - 0x00007ff9229c9000 	C:\Program Files\Java\jdk-21.0.10\bin\extnet.dll
0x00007ff947190000 - 0x00007ff9471ab000 	C:\WINDOWS\SYSTEM32\CRYPTSP.dll
0x00007ff9468b0000 - 0x00007ff9468e7000 	C:\WINDOWS\system32\rsaenh.dll
0x00007ff946ee0000 - 0x00007ff946f08000 	C:\WINDOWS\SYSTEM32\USERENV.dll
0x00007ff947170000 - 0x00007ff94717c000 	C:\WINDOWS\SYSTEM32\CRYPTBASE.dll
0x00007ff9229b0000 - 0x00007ff9229be000 	C:\Program Files\Java\jdk-21.0.10\bin\sunmscapi.dll
0x00007ff947e40000 - 0x00007ff947fa7000 	C:\WINDOWS\System32\CRYPT32.dll
0x00007ff9472a0000 - 0x00007ff9472cd000 	C:\WINDOWS\SYSTEM32\ncrypt.dll
0x00007ff947260000 - 0x00007ff947297000 	C:\WINDOWS\SYSTEM32\NTASN1.dll
0x00007ff91eac0000 - 0x00007ff91eac8000 	C:\WINDOWS\system32\wshunix.dll
0x00007ff946ae0000 - 0x00007ff946b14000 	C:\WINDOWS\SYSTEM32\ntmarta.dll
0x00007ff9084a0000 - 0x00007ff908634000 	C:\Program Files\Java\jdk-21.0.10\bin\awt.dll
0x00007ff944090000 - 0x00007ff944127000 	C:\WINDOWS\SYSTEM32\apphelp.dll
0x00007ff944ee0000 - 0x00007ff944f93000 	C:\WINDOWS\system32\uxtheme.dll
0x00007ff94a230000 - 0x00007ff94a38e000 	C:\WINDOWS\System32\MSCTF.dll
0x00007ff949630000 - 0x00007ff9497d1000 	C:\WINDOWS\System32\ole32.dll
0x00007ff943040000 - 0x00007ff943047000 	C:\Program Files\Java\jdk-21.0.10\bin\rmi.dll
0x00007ff9463c0000 - 0x00007ff9464b8000 	C:\WINDOWS\SYSTEM32\DNSAPI.dll
0x00007ff93cfd0000 - 0x00007ff93cfda000 	C:\Windows\System32\rasadhlp.dll
0x00007ff941080000 - 0x00007ff941103000 	C:\WINDOWS\System32\fwpuclnt.dll

dbghelp: loaded successfully - version: 4.0.5 - missing functions: none
symbol engine: initialized successfully - sym options: 0x614 - pdb path: .;C:\Program Files\Java\jdk-21.0.10\bin;C:\WINDOWS\SYSTEM32;C:\WINDOWS\WinSxS\amd64_microsoft.windows.common-controls_6595b64144ccf1df_6.0.22621.5262_none_2712bde373830908;C:\Program Files\Java\jdk-21.0.10\bin\server;C:\Users\Admin\.gradle\native\1def1411415f61bf3af743bc5b6707747c0891f09f0c88961ee8f79bc544acac\windows-amd64;C:\Users\Admin\.gradle\native\0.2.7\x86_64-windows-gnu

VM Arguments:
jvm_args: --add-opens=java.base/java.lang=ALL-UNNAMED --add-opens=java.base/java.lang.invoke=ALL-UNNAMED --add-opens=java.base/java.util=ALL-UNNAMED --add-opens=java.prefs/java.util.prefs=ALL-UNNAMED --add-exports=jdk.compiler/com.sun.tools.javac.api=ALL-UNNAMED --add-exports=jdk.compiler/com.sun.tools.javac.util=ALL-UNNAMED --add-opens=java.base/java.util=ALL-UNNAMED --add-opens=java.prefs/java.util.prefs=ALL-UNNAMED --add-opens=java.base/java.nio.charset=ALL-UNNAMED --add-opens=java.base/java.net=ALL-UNNAMED --add-opens=java.base/java.util.concurrent.atomic=ALL-UNNAMED --add-opens=java.xml/javax.xml.namespace=ALL-UNNAMED -XX:MaxMetaspaceSize=512m -Xmx2048m -Dfile.encoding=UTF-8 -Duser.country=IN -Duser.language=en -Duser.variant -javaagent:C:\Users\Admin\.gradle\wrapper\dists\gradle-8.14.3-bin\cv11ve7ro1n3o1j4so8xd9n66\gradle-8.14.3\lib\agents\gradle-instrumentation-agent-8.14.3.jar 
java_command: org.gradle.launcher.daemon.bootstrap.GradleDaemon 8.14.3
java_class_path (initial): C:\Users\Admin\.gradle\wrapper\dists\gradle-8.14.3-bin\cv11ve7ro1n3o1j4so8xd9n66\gradle-8.14.3\lib\gradle-daemon-main-8.14.3.jar
Launcher Type: SUN_STANDARD

[Global flags]
     intx CICompilerCount                          = 12                                        {product} {ergonomic}
   size_t CompressedClassSpaceSize                 = 436207616                                 {product} {ergonomic}
     uint ConcGCThreads                            = 4                                         {product} {ergonomic}
     uint G1ConcRefinementThreads                  = 15                                        {product} {ergonomic}
   size_t G1HeapRegionSize                         = 1048576                                   {product} {ergonomic}
    uintx GCDrainStackTargetSize                   = 64                                        {product} {ergonomic}
   size_t InitialHeapSize                          = 534773760                                 {product} {ergonomic}
   size_t MarkStackSize                            = 4194304                                   {product} {ergonomic}
   size_t MaxHeapSize                              = 2147483648                                {product} {command line}
   size_t MaxMetaspaceSize                         = 536870912                                 {product} {command line}
   size_t MaxNewSize                               = 1287651328                                {product} {ergonomic}
   size_t MinHeapDeltaBytes                        = 1048576                                   {product} {ergonomic}
   size_t MinHeapSize                              = 8388608                                   {product} {ergonomic}
    uintx NonNMethodCodeHeapSize                   = 7602480                                {pd product} {ergonomic}
    uintx NonProfiledCodeHeapSize                  = 122027880                              {pd product} {ergonomic}
    uintx ProfiledCodeHeapSize                     = 122027880                              {pd product} {ergonomic}
    uintx ReservedCodeCacheSize                    = 251658240                              {pd product} {ergonomic}
     bool SegmentedCodeCache                       = true                                      {product} {ergonomic}
   size_t SoftMaxHeapSize                          = 2147483648                             {manageable} {ergonomic}
     bool UseCompressedOops                        = true                           {product lp64_product} {ergonomic}
     bool UseG1GC                                  = true                                      {product} {ergonomic}
     bool UseLargePagesIndividualAllocation        = false                                  {pd product} {ergonomic}

Logging:
Log output configuration:
 #0: stdout all=warning uptime,level,tags foldmultilines=false
 #1: stderr all=off uptime,level,tags foldmultilines=false

Environment Variables:
JAVA_HOME=C:\Program Files\Java\jdk-21.0.10
PATH=C:\Program Files\Common Files\Oracle\Java\javapath;C:\WINDOWS\system32;C:\WINDOWS;C:\WINDOWS\System32\Wbem;C:\WINDOWS\System32\WindowsPowerShell\v1.0\;C:\WINDOWS\System32\OpenSSH\;C:\Program Files\nodejs\;C:\Program Files\Git\cmd;C:\Program Files\Java\jdk-21.0.10\bin;C:\Users\Admin\AppData\Local\Microsoft\WindowsApps;C:\Users\Admin\AppData\Local\Programs\Microsoft VS Code\bin;C:\Users\Admin\AppData\Roaming\npm;C:\Users\Admin\AppData\Local\GitHubDesktop\bin;C:\Program Files (x86)\MongoDB Atlas CLI\;C:\Users\Admin\AppData\Local\Programs\Ollama;C:\Users\Admin\AppData\Local\Programs\Antigravity\bin;C:\Users\Admin\AppData\Local\Python\bin;C:\Users\Admin\AppData\Local\Programs\cursor\resources\app\bin;C:\Program Files\Java\jdk-21.0.10\bin;
USERNAME=Admin
LANG=en_US.UTF-8
OS=Windows_NT
PROCESSOR_IDENTIFIER=Intel64 Family 6 Model 151 Stepping 2, GenuineIntel
TMP=C:\Users\Admin\AppData\Local\Temp
TEMP=C:\Users\Admin\AppData\Local\Temp




Periodic native trim disabled

---------------  S Y S T E M  ---------------

OS:
 Windows 11 , 64 bit Build 22621 (10.0.22621.5262)
OS uptime: 0 days 7:21 hours
Hyper-V role detected

CPU: total 20 (initial active 20) (10 cores per cpu, 2 threads per core) family 6 model 151 stepping 2 microcode 0x2e, cx8, cmov, fxsr, ht, mmx, 3dnowpref, sse, sse2, sse3, ssse3, sse4.1, sse4.2, popcnt, lzcnt, tsc, tscinvbit, avx, avx2, aes, erms, clmul, bmi1, bmi2, adx, sha, fma, vzeroupper, clflush, clflushopt, clwb, hv, serialize, rdtscp, rdpid, fsrm, f16c, cet_ibt, cet_ss
Processor Information for all 20 processors :
  Max Mhz: 3600, Current Mhz: 3600, Mhz Limit: 3600

Memory: 4k page, system-wide physical 32535M (472M free)
TotalPageFile size 71066M (AvailPageFile size 150M)
current process WorkingSet (physical memory assigned to process): 1953M, peak: 1977M
current process commit charge ("private bytes"): 2017M, peak: 2360M

vm_info: Java HotSpot(TM) 64-Bit Server VM (21.0.10+8-LTS-217) for windows-amd64 JRE (21.0.10+8-LTS-217), built on 2025-12-18T14:59:28Z by "mach5run" with MS VC++ 17.13 (VS2022)

END.
